surah_no,ayat,translator,text
1,1,lings,"In the Name of God, the Clement, the Merciful. [UM]"
1,2,lings,"In the Name of God, the Infinitely Good, the Ever-Merciful. [UM]"
1,3,lings,"In the Name of God, the All-Merciful, the Merciful. [SS]"
1,4,lings,"In the Name of God, the Infinitely Good, the All-Merciful. [M] [SQCI]"
1,5,lings,"In the Name of God, the Infinitely Good, the Boundlessly Merciful. [SA]"
1,6,lings,"Praise be to God, the Lord of the worlds. [SS] [M]"
1,7,lings,"The Infinitely Good, the All-Merciful. [M]"
1,8,lings,Owner of the Day of Judgement. [UM]
1,9,lings,Master of the day of judgement. [M]
1,10,lings,Thee we worship and from Thee we seek help. [UM]
1,11,lings,"It is Thee we adore, and it is in Thee we seek refuge. [UM]"
1,12,lings,"Thee we worship, and in Thee we seek help. [M]"
1,13,lings,Lead us on the straight path. [UM]
1,14,lings,Guide us upon the way of Transcendence. [UM]
1,15,lings,Lead us along the straight path. [OS] [SS]
1,16,lings,Guide us up the ascending path. [WS] [RS]
1,17,lings,Guide us upon the straight path. [M] [SA]
1,18,lings,"The Path of those to whom Thou accordest Thy Grace, not of those who incur Thy wrath, nor of those who go astray. [UM]"
1,19,lings,"Those upon whom is Thy Grace, not those upon whom is Thy Wrath, nor those who go astray. [UM]"
1,20,lings,The way of those on whom Thy Grace is not those who deserve anger nor those who are astray. [UM]
1,21,lings,"The path of those on whom Thy grace is, not those on whom Thine anger is, nor those who are astray. [M]"
1,22,lings,Sources Used
1,23,lings,• Unpublished Material (1938-2005) [UM]
1,24,lings,BOOKS
1,25,lings,• The Book of Certainty (1952) [BC]
1,26,lings,• A Sufi Saint of the Twentieth Century (1961) [SS]
1,27,lings,• What is Sufism (1975) [WS]
1,28,lings,• The Quranic Art of Calligraphy and Illumination (1976) [QACI]
1,29,lings,• Muhammad (1983) [M]
1,30,lings,• Symbol and Archetype (1991) [SA]
1,31,lings,• Sufi Poems (2004) [SP]
1,32,lings,• Mecca (2004) [Mec.]
1,33,lings,• Return to the Spirit (2005) [RS]
1,34,lings,• Splendours of Qur’an Calligraphy and Illumination (2005) [SQCI]
1,35,lings,ARTICLES
1,36,lings,• “Proofs of Islam”(1954). Islamic Cultural Centre. [PI]
1,37,lings,"• “The Islamic and Christian Conceptions of the March of Time” (1954) The Islamic Quarterly, Vol.1 No.4. [ICCT]"
1,38,lings,"• “The Origins of Sufism (1956) The Islamic Quarterly, Vol.III No.1 [OS]"
1,39,lings,• “Sufism”: Religion in the Middle East (1969); ed.A.J. Arberry [S]
1,40,lings,• “Sufi Answers to Questions On Ultimate Reality”: Studies in Comparative Religions 1979 Summer/Autumn [SCR-SA]
1,41,lings,• “The Nature and Origin of Sufism”: Islamic Spirituality (1985) [NOS]
1,42,lings,"• “Mystical Poetry”: The Cambridge History of Arabic Literature, Vol.2 (1990) [MP]"
1,43,lings,LECTURES
1,44,lings,• “The Quranic Doctrine of the Afterlife” [L-QD]
1,45,lings,• “The Quranic Origins of Sufism” [L-QOS]
1,46,lings,• “Human Origins and Destinies According to the Great Religions of the World” [L-HOD]
1,47,lings,• “Metaphysics and the Perennial Philosophy” [L-MPP]
1,48,lings,• “An Introduction to Islam” [L-II]
1,49,lings,• “The Universality of the Quran” [L-UQ]
1,50,lings,• Private Talks [L-PT]
1,51,lings,Books without Quranic Ayaat
1,52,lings,• Collected Poems
1,53,lings,• Ancient Beliefs and Modern Superstitions
1,54,lings,• The Eleventh Hour
1,55,lings,• The Secret of Shakespeare
1,56,lings,Articles without Quranic Ayaat
1,57,lings,• “Signs of the Times”: Studies in Comparative Religions 1970 Winter
1,58,lings,"• “Ibn Aliwah” Encyclopedia of Islam, Second Edition"
1,59,lings,"• “Kabd” Encyclopedia of Islam, Second Edition"
2,1,lings,Alif-Lam-Mim [WS] [M]
2,2,lings,"That, beyond doubt, is the book- a guidance for the pious. [WS]"
2,3,lings,"This beyond doubt is the Book, a guidance unto the God-fearing. [M]"
2,4,lings,Who believe in the Unseen and perform the prayer and give of that which We have bestowed upon them. [M]
2,5,lings,"And who believe in that which is revealed unto thee and in that which was revealed before thee, and who are certain of the hereafter. [M]"
2,6,lings,These are they who follow guidance from their Lord and these are they who shall prosper. [M]
2,7,lings,"And of men there are some who say: We believe in God and in the last day, yet they are not believers. [M]"
2,8,lings,"And when it is said to them: “Cause not corruption in the land”, they say: “We are nothing if not reformers”. [SS]"
2,9,lings,"Nay, unknown to themselves they are workers of corruption. [SS]"
2,10,lings,"When they meet those who believe they say: we believe. And when they go apart unto their satans, they say: Verily we are with you; we did but mock. [M]"
2,11,lings,"…whensoever they are fed therein with a fruit, they shall say: “This is that wherewith we were fed aforetime”; and they shall be given the like thereof… [UM]"
2,12,lings,"…whensoever they are given to eat of the fruits of the garden, they say: ‘This is that which was given us aforetime; and it was given them in a likeness thereof… [BC]"
2,13,lings,"Give glad tidings unto those who believe and do deeds of piety that verily they shall have gardens of Paradise watered by flowing rivers. Whenever they are given to eat of one of the fruits thereof they say: This is that which we were given aforetime, and they were given a likeness of it… [RS] [L-QD]"
2,14,lings,Verily God disdaineth not to cite as symbol even a gnat or something smaller… [BC]
2,15,lings,..verily I am about to make on earth a viceregent… [BC]
2,16,lings,"And when We said unto the angels: ‘Make prostration before Adam’, they prostrated themselves all save Iblis… [BC]"
2,17,lings,"And We said: ‘O Adam, dwell thou and thy wife in the Paradise…’. And come not nigh this tree, for then would ye be transgressors. [BC]"
2,18,lings,"Then Adam received words from his Lord, Who relented towards him. Verily He is the Relenting, the Merciful. [BC]"
2,19,lings,"Then Adam received words from his Lord, Who relented unto him. Verily He is the Ever-Relenting, the All-Merciful. [RS] [L-QD]"
2,20,lings,"We said: ‘Go fallen hence, all of you together. Yet assuredly will I send unto you a guidance, and whosoever shall follow My guidance, no fear shall come upon them, neither shall they grieve. [BC]"
2,21,lings,"And when Moses asked for water for his people, and We said: “Strike with thy staff the rock”, and there gushed forth from it twelve springs, everyone knew his drinking place… [SA]"
2,22,lings,…not content with one food…prefer to take what is inferior in exchange for the superior… [SS]
2,23,lings,…as hard as stones or even harder.... [SS]
2,24,lings,"Then even after that your hearts grew hard so that they were like rocks or even harder, for verily there are rocks from which rivers gush forth, and there are rocks which split asunder so that water floweth from them… [SA]"
2,25,lings,Many of the people of the Book long to bring you back into disbelief after your belief through envy that is in their souls… [M]
2,26,lings,"…wheresover ye turn, there is the Face of God. [OS] [SS] [S] [QACI] [MP] [M] [SQCI]"
2,27,lings,"…wheresoever ye turn, there is the Face of God. Verily God is the Infinitely Vast, the Infinitely Knowing. [WS]"
2,28,lings,"Unto God are the East and the West, and whithersoever ye turn, there is the Face of God. Verily God is Infinitely Vast, Infinitely Knowing. [NOS]"
2,29,lings,"…wheresoever ye turn, there is the Face of God. Verily God is Vast, All-Knowing [SA]"
2,30,lings,"…wheresoever ye turn, there is the Face of God. Verily God is Infintely Vast, the All-Knowing. [L-PT]"
2,31,lings,…the religion of Abraham… [M]
2,32,lings,We have made you a middle people.... [WS]
2,33,lings,We have appointed you a middle nation…. [NOS]
2,34,lings,"We have seen the turning of thy face unto the sky; and now We shall turn thee a way that shall well please thee. So turn thou thy face towards the Inviolable Mosque; and wheresoever ye may be, turn ye your faces toward it.... [M]"
2,35,lings,And remember Me; I will remember you… [UM]
2,36,lings,Remember Me and I shall remember you… [UM]
2,37,lings,"O ye who believe, seek help of God in steadfastness and in prayer. Verily God is with the steadfast. [M]"
2,38,lings,"And say not “dead’ of those who have been slain in God’s path, for they are living, only ye perceive not. [M]"
2,39,lings,Count not those who have been slain in the way of God as dead. Nay they are living… [L-QD]
2,40,lings,"And We shall surely try you with something of fear and of hunger, and loss of goods and lives and harvesting. But give good tidings unto the steadfast. [M]"
2,41,lings,…verily we are for God and verily unto Him are we returning. [OS] [SS]
2,42,lings,…verily we are for God and verily unto Him we are returning. [WS]
2,43,lings,"Who say when a blow befalleth them: Verily we are for God, and verily unto Him are we returning. [M]"
2,44,lings,On these are blessings from their Lord and mercy; and these are the rightly guided. [M]
2,45,lings,…God wishes for you ease; He does not wish for you the difficult… [UM]
2,46,lings,…I answer the invocation of the invoker when he invoketh me… [BC] [WS]
2,47,lings,…I answer the prayer of the pray-er when he prayeth Me… [SS]
2,48,lings,"If My slaves ask thee of Me, say I am Near. I answer the prayer of the pray-er when he prayeth Me… [S] [SA]"
2,49,lings,"Fight them until there is no longer any sedition, and religion is all for God… [BC]"
2,50,lings,…remember God at the Holy Monument.... [SS]
2,51,lings,Remember God during the appointed days.... [SS]
2,52,lings,"Think ye to enter Paradise while yet there hath come unto you the like of what came unto those who passed away before you? Affliction smote them and injuries and they were made to quake until the Messenger of God said, and with him those who believed: When cometh the help of God? Lo, verily the help of God is nigh. [M]"
2,53,lings,They question thee about the sacred month and fighting therein. Say: to fight therein is a grave offence; but barring men from God’s path and sacrilege against Him and the holy mosque and driving out His people therefrom are graver with God. And torturing is graver than killing.... [M]
2,54,lings,…God it is who contracteth and expandeth.... [SS]
2,55,lings,…how many a little band hath overcome a multitude by God’s leave! And God is with the steadfast. [M]
2,56,lings,…God doth what He will. [RS]
2,57,lings,"…Hast thou not faith? Yes, but (show me) so that my heart may be at rest.... [WS]"
2,58,lings,He (Allah) giveth wisdom to whom He will; and He to whom wisdom hath been given hath received a great good.... [UM]
2,59,lings,…We make no distinction between any of His Apostles.... [BC]
2,60,lings,…believe in God and his Angels and His Books and His Messengers. We make no distinction between His Messengers.... [SS]
2,61,lings,"The messenger believeth, and the faithful believe, in what hath been revealed unto him from his Lord. Each one believeth in God and His angels and His books and His messengers: we make no distinction between any of His messengers. And they say: we hear and we obey; grant us, Thou our Lord, Thy forgiveness; unto Thee is the ultimate becoming. [M]"
2,62,lings,"…they believe, all of them, in God and His Angels and His Books and His Messengers. And they say, “We make no distinction between any of His Messengers”.... [RS] [L-II]"
2,63,lings,"…our Lord, lay not upon us such a burden as Thou didst lay upon those before us! Our Lord, burden us not with that which is beyond our strength!.... [ICCT]"
2,64,lings,Sources Used
2,65,lings,• Unpublished Material (1938-2005) [UM]
2,66,lings,BOOKS
2,67,lings,• The Book of Certainty (1952) [BC]
2,68,lings,• A Sufi Saint of the Twentieth Century (1961) [SS]
2,69,lings,• What is Sufism (1975) [WS]
2,70,lings,• The Quranic Art of Calligraphy and Illumination (1976) [QACI]
2,71,lings,• Muhammad (1983) [M]
2,72,lings,• Symbol and Archetype (1991) [SA]
2,73,lings,• Sufi Poems (2004) [SP]
2,74,lings,• Mecca (2004) [Mec.]
2,75,lings,• Return to the Spirit (2005) [RS]
2,76,lings,• Splendours of Qur’an Calligraphy and Illumination (2005) [SQCI]
2,77,lings,ARTICLES
2,78,lings,• “Proofs of Islam”(1954). Islamic Cultural Centre. [PI]
2,79,lings,"• “The Islamic and Christian Conceptions of the March of Time” (1954) The Islamic Quarterly, Vol.1 No.4. [ICCT]"
2,80,lings,"• “The Origins of Sufism (1956) The Islamic Quarterly, Vol.III No.1 [OS]"
2,81,lings,• “Sufism”: Religion in the Middle East (1969); ed.A.J. Arberry [S]
2,82,lings,• “Sufi Answers to Questions On Ultimate Reality”: Studies in Comparative Religions 1979 Summer/Autumn [SCR-SA]
2,83,lings,• “The Nature and Origin of Sufism”: Islamic Spirituality (1985) [NOS]
2,84,lings,"• “Mystical Poetry”: The Cambridge History of Arabic Literature, Vol.2 (1990) [MP]"
2,85,lings,LECTURES
2,86,lings,• “The Quranic Doctrine of the Afterlife” [L-QD]
2,87,lings,• “The Quranic Origins of Sufism” [L-QOS]
2,88,lings,• “Human Origins and Destinies According to the Great Religions of the World” [L-HOD]
2,89,lings,• “Metaphysics and the Perennial Philosophy” [L-MPP]
2,90,lings,• “An Introduction to Islam” [L-II]
2,91,lings,• “The Universality of the Quran” [L-UQ]
2,92,lings,• Private Talks [L-PT]
2,93,lings,Books without Quranic Ayaat
2,94,lings,• Collected Poems
2,95,lings,• Ancient Beliefs and Modern Superstitions
2,96,lings,• The Eleventh Hour
2,97,lings,• The Secret of Shakespeare
2,98,lings,Articles without Quranic Ayaat
2,99,lings,• “Signs of the Times”: Studies in Comparative Religions 1970 Winter
2,100,lings,"• “Ibn Aliwah” Encyclopedia of Islam, Second Edition"
2,101,lings,"• “Kabd” Encyclopedia of Islam, Second Edition"
3,1,lings,Verily before God religion is submission.... [BC]
3,2,lings,And verily Religion with God is islam.... [L-UQ]
3,3,lings,Verily God chose Adam and Noah and the family of Abraham and the family of ‘Imran above all the worlds. [M]
3,4,lings,"…and verily I have named her Maryam; and verily I place her, and her offspring, beneath Thy protection (O Lord) against Satan the stoned. [UM]"
3,5,lings,"…each time that Zakariya entered unto her in the sanctuary he found near her the needed nourishment; he said: O Maryam, whence cometh unto thee this? She replied; This cometh from God; verily God giveth His sustenance to whom He will, without reckoning. [UM]"
3,6,lings,"And her Lord accepted her (Maryam) with a fair acceptance, and made her to grow with a fair growing and entrusted her to Zachariah; whensoever Zachariah entered unto her in the sanctuary, he found that she had food; he said: O Maryam, whence hast thou this? She said: it is from God; verily God giveth his subsistence unto whom He will without reckoning. [UM]"
3,7,lings,"…every time that Zachariah went unto her in the Mihrab….. Verily, God giveth to whom He will, without reckoning. [UM]"
3,8,lings,"…verily, God giveth sustenance to whom He will, beyond all reckoning. [L-PT]"
3,9,lings,…God does what He wills. [UM]
3,10,lings,"And when the angels said: O Maryam, God hath chosen thee and purified thee, and hath chosen thee above all the women of the world. [UM]"
3,11,lings,"Verily the likeness of Jesus with God is as the likeness of Adam. He created him of dust, then said to him “Be” and he was. [M]"
3,12,lings,"This is the Truth from thy Lord, so be not of the doubters. [M]"
3,13,lings,"And whoso contendeth with thee about him after the knowledge that hath reached thee, say: Come ye, and let us summon our sons and your sons, and our women and your women, and ourselves and yourselves. Then we will imprecate, putting God’s curse on those who lie. [M]"
3,14,lings,"Verily the first sanctuary established for men is the house at Baca, a blessed place and a guidance for all the world. [Mec.]"
3,15,lings,The best people ever brought forth as an example for men.... [ICCT]
3,16,lings,Ye are the best people that hath been brought forth (as a pattern) for mankind.... [WS]
3,17,lings,"…they will do all they can to ruin you, and they love to cause you trouble. Their hatred is clear from what their mouths utter, and what their breasts conceal is greater.... [M]"
3,18,lings,"If good befall you, it is evil in their eyes, and if evil befall you they rejoice thereat.... [M]"
3,19,lings,Ways of life have passed away before you. Travel in the land and see what was the end of those who belied God’s messengers. [M]
3,20,lings,"This is a clear affirmation for mankind, and a guidance and an exhortation for the pious. [M]"
3,21,lings,"Falter not nor grieve, for ye shall overcome them if ye are true believers. [M]"
3,22,lings,Deemed ye that ye would enter Paradise ere God knoweth those of you that truly strive and ere He knoweth the steadfast? [M]
3,23,lings,Ye wished for death until ye met it; now ye have seen it face to face! [M]
3,24,lings,"Muhammad is but a messenger, and messengers have passed away before him. If he die or be slain, will ye then turn upon your heels? Whoso turneth upon his heels will thereby do no hurt unto God; and God will reward the thankful. [M]"
3,25,lings,"…consult them about their affairs; and when thou art resolved, then trust in God.... [M]"
3,26,lings,"Count not those who have been slain in the way of God as dead. Nay they are living, from their Lord they receive sustenance. [RS]"
3,27,lings,"…God is our sufficiency, and supremely to be trusted is He. [M]"
3,28,lings,…our sufficiency is God and excellent is He in whom we trust. [UM]
3,29,lings,Who remember God standing and sitting and reclining upon their sides.... [SS]
3,30,lings,…I will take away their faults and enable them to enter Paradise.... [L-HOD]
3,31,lings,Sources Used
3,32,lings,• Unpublished Material (1938-2005) [UM]
3,33,lings,BOOKS
3,34,lings,• The Book of Certainty (1952) [BC]
3,35,lings,• A Sufi Saint of the Twentieth Century (1961) [SS]
3,36,lings,• What is Sufism (1975) [WS]
3,37,lings,• The Quranic Art of Calligraphy and Illumination (1976) [QACI]
3,38,lings,• Muhammad (1983) [M]
3,39,lings,• Symbol and Archetype (1991) [SA]
3,40,lings,• Sufi Poems (2004) [SP]
3,41,lings,• Mecca (2004) [Mec.]
3,42,lings,• Return to the Spirit (2005) [RS]
3,43,lings,• Splendours of Qur’an Calligraphy and Illumination (2005) [SQCI]
3,44,lings,ARTICLES
3,45,lings,• “Proofs of Islam”(1954). Islamic Cultural Centre. [PI]
3,46,lings,"• “The Islamic and Christian Conceptions of the March of Time” (1954) The Islamic Quarterly, Vol.1 No.4. [ICCT]"
3,47,lings,"• “The Origins of Sufism (1956) The Islamic Quarterly, Vol.III No.1 [OS]"
3,48,lings,• “Sufism”: Religion in the Middle East (1969); ed.A.J. Arberry [S]
3,49,lings,• “Sufi Answers to Questions On Ultimate Reality”: Studies in Comparative Religions 1979 Summer/Autumn [SCR-SA]
3,50,lings,• “The Nature and Origin of Sufism”: Islamic Spirituality (1985) [NOS]
3,51,lings,"• “Mystical Poetry”: The Cambridge History of Arabic Literature, Vol.2 (1990) [MP]"
3,52,lings,LECTURES
3,53,lings,• “The Quranic Doctrine of the Afterlife” [L-QD]
3,54,lings,• “The Quranic Origins of Sufism” [L-QOS]
3,55,lings,• “Human Origins and Destinies According to the Great Religions of the World” [L-HOD]
3,56,lings,• “Metaphysics and the Perennial Philosophy” [L-MPP]
3,57,lings,• “An Introduction to Islam” [L-II]
3,58,lings,• “The Universality of the Quran” [L-UQ]
3,59,lings,• Private Talks [L-PT]
3,60,lings,Books without Quranic Ayaat
3,61,lings,• Collected Poems
3,62,lings,• Ancient Beliefs and Modern Superstitions
3,63,lings,• The Eleventh Hour
3,64,lings,• The Secret of Shakespeare
3,65,lings,Articles without Quranic Ayaat
3,66,lings,• “Signs of the Times”: Studies in Comparative Religions 1970 Winter
3,67,lings,"• “Ibn Aliwah” Encyclopedia of Islam, Second Edition"
3,68,lings,"• “Kabd” Encyclopedia of Islam, Second Edition"
4,1,lings,If ye avoid the great sins ye are forbidden We will wipe out your faults and cause you to enter with a noble entry. [RS] [L-QD]
4,2,lings,"…if ye find not water then purify yourselves with clean earth, wiping therewith your faces and hands... [M]"
4,3,lings,"…with those upon whom God hath lavished His favour, the Prophets and the Saints and the Martyrs and the Righteous, most excellent for communion are they. [SCR-SA]"
4,4,lings,"…with those upon whom God hath showered His favour, the prophets and the saints and the martyrs and the righteous, most excellent for communion are they. [M]"
4,5,lings,"…with those upon whom God hath showered His favour, the prophets and the sages and the martyrs and the righteous, most excellent for communion are they. [SA]"
4,6,lings,…with the Prophets and the sages and the martyrs and the righteous; excellent are they in companionship. [L-PT]
4,7,lings,…with the Prophets and the sages and the martyrs and the righteous; excellent in companionship are they. [L-PT]
4,8,lings,Whoso obeyeth the Apostle obeyeth God.... [SS]
4,9,lings,"O ye who believe, when ye fight in the way of God, discriminate, nor say unto him who proffereth you peace: “Thou are not a believer,” seeking the gains of this lower life, for with God are spoils in plenty. Thus were ye wont to be aforetime, but God hath sent down His Grace upon you. Therefore discriminate. Verily God is Informed of what ye do. [M]"
4,10,lings,…those who fight in the way of Allah with their goods and lives.... [UM]
4,11,lings,"The non-combatants amongst the believers, making exception for those afflicted with infirmity, and the combatants in the way of Allah, with their goods and their lives, are not equal; Allah hath placed the combatants with their goods and their lives a degree above the non-combatants; to each, Allah hath promised what is most fair; Allah hath placed the combatants above the non-combatants, with an immense reward. [UM]"
4,12,lings,…unto both God hath promised good. But he hath favoured those who fight with an immense reward above those who stay behind. [WS]
4,13,lings,"If the two separate, God will enrich both out of His Abundance.... [SS]"
4,14,lings,…and they only remember God a little. [SS]
4,15,lings,…they uttered against Mary a tremendous calumny. [SS]
4,16,lings,"…verily we have slain the Messiah Jesus the Son of Mary, the Messenger of God. And they did not slay him and they did not crucify him, but it seemed to them that they had done so.... [RS]"
4,17,lings,"The Jews claim “We have killed the Messiah, Jesus the Son of Mary, the Messenger of God”. They killed him not, nor crucified him, but it seemed to them that they had done so.... [L-UQ]"
4,18,lings,…Jesus son of Mary is Messenger of God and His Word which he cast unto Mary and a Spirit from Him.... [M]
4,19,lings,…His Word which he delivered unto Mary and as a spirit from Him.... [SQCI]
4,20,lings,…We have sent down to you a clear light. [QACI] [SQCI]
4,21,lings,Sources Used
4,22,lings,• Unpublished Material (1938-2005) [UM]
4,23,lings,BOOKS
4,24,lings,• The Book of Certainty (1952) [BC]
4,25,lings,• A Sufi Saint of the Twentieth Century (1961) [SS]
4,26,lings,• What is Sufism (1975) [WS]
4,27,lings,• The Quranic Art of Calligraphy and Illumination (1976) [QACI]
4,28,lings,• Muhammad (1983) [M]
4,29,lings,• Symbol and Archetype (1991) [SA]
4,30,lings,• Sufi Poems (2004) [SP]
4,31,lings,• Mecca (2004) [Mec.]
4,32,lings,• Return to the Spirit (2005) [RS]
4,33,lings,• Splendours of Qur’an Calligraphy and Illumination (2005) [SQCI]
4,34,lings,ARTICLES
4,35,lings,• “Proofs of Islam”(1954). Islamic Cultural Centre. [PI]
4,36,lings,"• “The Islamic and Christian Conceptions of the March of Time” (1954) The Islamic Quarterly, Vol.1 No.4. [ICCT]"
4,37,lings,"• “The Origins of Sufism (1956) The Islamic Quarterly, Vol.III No.1 [OS]"
4,38,lings,• “Sufism”: Religion in the Middle East (1969); ed.A.J. Arberry [S]
4,39,lings,• “Sufi Answers to Questions On Ultimate Reality”: Studies in Comparative Religions 1979 Summer/Autumn [SCR-SA]
4,40,lings,• “The Nature and Origin of Sufism”: Islamic Spirituality (1985) [NOS]
4,41,lings,"• “Mystical Poetry”: The Cambridge History of Arabic Literature, Vol.2 (1990) [MP]"
4,42,lings,LECTURES
4,43,lings,• “The Quranic Doctrine of the Afterlife” [L-QD]
4,44,lings,• “The Quranic Origins of Sufism” [L-QOS]
4,45,lings,• “Human Origins and Destinies According to the Great Religions of the World” [L-HOD]
4,46,lings,• “Metaphysics and the Perennial Philosophy” [L-MPP]
4,47,lings,• “An Introduction to Islam” [L-II]
4,48,lings,• “The Universality of the Quran” [L-UQ]
4,49,lings,• Private Talks [L-PT]
4,50,lings,Books without Quranic Ayaat
4,51,lings,• Collected Poems
4,52,lings,• Ancient Beliefs and Modern Superstitions
4,53,lings,• The Eleventh Hour
4,54,lings,• The Secret of Shakespeare
4,55,lings,Articles without Quranic Ayaat
4,56,lings,• “Signs of the Times”: Studies in Comparative Religions 1970 Winter
4,57,lings,"• “Ibn Aliwah” Encyclopedia of Islam, Second Edition"
4,58,lings,"• “Kabd” Encyclopedia of Islam, Second Edition"
5,1,lings,"…this day the disbelievers despair of prevailing against your religion, so fear them not, but fear Me! This day have I perfected for you your religion and fulfilled my favour unto you, and it hath been My good pleasure to choose Islam for you as your religion.... [M]"
5,2,lings,…their food is lawful for you; your food is lawful for them....
5,3,lings,"…lo, I am with you.... [SS]"
5,4,lings,…go thou and thy Lord and fight; we shall sit here.... [M]
5,5,lings,"…for each We have appointed a law and traced out a path, and if God had wished, verily He would have made you one people. But He hath made you as ye are that He may put you to the test in what He hath given you. So vie with one another in good works. Unto God ye will all be brought back and He will then tell you about those things wherein ye differed. [BC]"
5,6,lings,"…for each of you We have appointed a law and traced out a path, and if God had so willed, He would have made you one community.... [SS]"
5,7,lings,"…for each We have appointed a law and a path, and if God had wished, He would have made you one people. But He hath made you as ye are that He may put you to the test in what He hath given you. So vie with one another in good works. Unto God ye will all be brought back and He will then tell you about those things wherein ye differed. [WS]"
5,8,lings,"…for each We have appointed a law and a path, and if God had wished, He could have made you one people... So vie with one another in good works. Unto God ye will all be brought back and He will then inform you about those things wherein ye differed [M]"
5,9,lings,"…for each We have appointed a law and a path; and if God had wished He would have made you one people... So vie with one another in good works. Unto God is your return, all of you together, and He will then inform you of that wherein ye were at variance. [NOS]"
5,10,lings,"…for each of you We have appointed a law and a way. And if God had so willed, He would have made you one people. But (He hath willed it otherwise) that He may put you to the test in what He has given you. So vie with one another in good works. Unto God will ye be brought back and He will inform you about that wherein ye differed. [RS]"
5,11,lings,"…to each of you we have given a Law and traced out a path. And if God had wished He would have made you one people, but He did what He did that He might put you to a fair test in what He gave you. So vie with each other in good works… [L-PT]"
5,12,lings,"And unto thee We have revealed the Book, the Scripture with the Truth confirming what was before it and a watcher over it…To each of you We have established a law and a way, and if God had wished, He would have made you one People. But [He has willed it otherwise] that He may put you to a fair test in what He has given you. So vie with one another in good works. Unto God ye will be brought back and He will inform you about that wherein ye differed. [L-UQ]"
5,13,lings,…this is God’s Grace: He giveth It whom He will.... [SS]
5,14,lings,"Verily they that believe, and those who are Jews, and the Sabaeans and the Christians – whomsoever believeth in God and the last day and acteth piously – there shall come no fear upon them, neither shall they grieve. [BC]"
5,15,lings,"Verily the Faithful, and the Jews, and the Sabians and the Christians – whoso believeth in God and the Last Day and doeth deeds of piety – no fear shall come upon them, neither shall they grieve. [SS] [RS]"
5,16,lings,"Verily the Faithful [Muslims], and the Jews, and the Christians and the Sabaeans – whoso hath faith in God and the Last Day and doeth deeds of piety – their meed is kept for them with their Lord, and no fear shall come upon them, neither shall they grieve. [IS]"
5,17,lings,"Verily those who believe and those who are Jews and Sabeans and Christians, whosoever believeth in God and the Last Day and doeth good, no fear shall come upon them, neither shall they grieve. [L-UQ]"
5,18,lings,"…thou shalt find that the nearest in affection to believing Muslims are those who say: “Verily we are Christians.” That is because they have amongst them priests and monks, and because they are not proud. [RS]"
5,19,lings,"When they hear what hath been revealed unto the Prophet, thou seest their eyes overflow with tears from their recognition of the Truth.... [SS]"
5,20,lings,"And when they hear that which hath been revealed unto the Messenger thou seest their eyes overflowing with tears at their recognition of the Truth. They say: “Our Lord, we believe, so inscribe us amongst those who bear witness to the Truth”. [RS]"
5,21,lings,"…O God, our Lord, send down to us a banquet from Heaven which will be a feast for the first of us and the last of us, and a sign from Thee.... [SA]"
5,22,lings,"…a banquet of food from Heaven to be for us a feast, for the first of us and for the last of us, and a sign from Thee.... [SQCI]"
5,23,lings,…O God send down from Heaven a banquet which will be for the first and the last of us a sign… [L-UQ]
5,24,lings,Sources Used
5,25,lings,• Unpublished Material (1938-2005) [UM]
5,26,lings,BOOKS
5,27,lings,• The Book of Certainty (1952) [BC]
5,28,lings,• A Sufi Saint of the Twentieth Century (1961) [SS]
5,29,lings,• What is Sufism (1975) [WS]
5,30,lings,• The Quranic Art of Calligraphy and Illumination (1976) [QACI]
5,31,lings,• Muhammad (1983) [M]
5,32,lings,• Symbol and Archetype (1991) [SA]
5,33,lings,• Sufi Poems (2004) [SP]
5,34,lings,• Mecca (2004) [Mec.]
5,35,lings,• Return to the Spirit (2005) [RS]
5,36,lings,• Splendours of Qur’an Calligraphy and Illumination (2005) [SQCI]
5,37,lings,ARTICLES
5,38,lings,• “Proofs of Islam”(1954). Islamic Cultural Centre. [PI]
5,39,lings,"• “The Islamic and Christian Conceptions of the March of Time” (1954) The Islamic Quarterly, Vol.1 No.4. [ICCT]"
5,40,lings,"• “The Origins of Sufism (1956) The Islamic Quarterly, Vol.III No.1 [OS]"
5,41,lings,• “Sufism”: Religion in the Middle East (1969); ed.A.J. Arberry [S]
5,42,lings,• “Sufi Answers to Questions On Ultimate Reality”: Studies in Comparative Religions 1979 Summer/Autumn [SCR-SA]
5,43,lings,• “The Nature and Origin of Sufism”: Islamic Spirituality (1985) [NOS]
5,44,lings,"• “Mystical Poetry”: The Cambridge History of Arabic Literature, Vol.2 (1990) [MP]"
5,45,lings,LECTURES
5,46,lings,• “The Quranic Doctrine of the Afterlife” [L-QD]
5,47,lings,• “The Quranic Origins of Sufism” [L-QOS]
5,48,lings,• “Human Origins and Destinies According to the Great Religions of the World” [L-HOD]
5,49,lings,• “Metaphysics and the Perennial Philosophy” [L-MPP]
5,50,lings,• “An Introduction to Islam” [L-II]
5,51,lings,• “The Universality of the Quran” [L-UQ]
5,52,lings,• Private Talks [L-PT]
5,53,lings,Books without Quranic Ayaat
5,54,lings,• Collected Poems
5,55,lings,• Ancient Beliefs and Modern Superstitions
5,56,lings,• The Eleventh Hour
5,57,lings,• The Secret of Shakespeare
5,58,lings,Articles without Quranic Ayaat
5,59,lings,• “Signs of the Times”: Studies in Comparative Religions 1970 Winter
5,60,lings,"• “Ibn Aliwah” Encyclopedia of Islam, Second Edition"
5,61,lings,"• “Kabd” Encyclopedia of Islam, Second Edition"
6,1,lings,…there is naught but the life of this world and we shall not be raised. [M]
6,2,lings,…they seek His Face.... [OS]
6,3,lings,…your Lord has prescribed for Himself Clemency.... [UM]
6,4,lings,"And with Him are the keys of the unmanifest. None but He knoweth them; and He knoweth what is on land and sea; there falleth no leaf without His knowledge, nor any seed in the darkness of the earth, naught filled with sap nor any dry thing, but it is written in the Clear Book. [BC]"
6,5,lings,Thus did We show unto Abraham the dominion of the Heavens and of the earth that he might be of those possessing certainty. [BC] [SS]
6,6,lings,"When the night grew dark upon him he beheld a planet, and said: ‘This is my Lord’. Then when it set, he said: ‘I love not that which setteth’. [BC]"
6,7,lings,"When the night grew dark upon him he beheld a planet, and said: ‘This is my Lord’. Then when it set, he said: ‘I love not things which set’. [SS]"
6,8,lings,"And when he saw the moon uprising, he said: ‘This is my Lord.’ Then when it set, he said: ‘Unless my Lord lead me. I must needs become one of the folk who have gone astray’. [BC] [SS]"
6,9,lings,"And when he saw the sun uprising, he said: ‘This is my Lord. This is greatest.’ Then when it set, he said: ‘O my people, verily I am innocent of all that ye set up beside God’. [BC]"
6,10,lings,"And when he saw the sun uprising, he said: ‘This is my Lord. This is greatest.’ Then when it set, he said: ‘O my people, verily I am innocent of all that ye place beside God’. [SS]"
6,11,lings,Verily I have turned my face towards Him who created the Heavens and the earth.... [SS]
6,12,lings,…say Allah: and leave them to their idle prating. [SS]
6,13,lings,…say Allah: then leave them to their idle talk. [WS]
6,14,lings,They esteem not God as He hath the right to be esteemed.... [NOS]
6,15,lings,…say Allah; then leave them to their vain discourse. [UM]
6,16,lings,…say Allah; then leave them to their vain talk. [UM]
6,17,lings,They have not rated God at His true worth.... [L-PT] [L-UQ]
6,18,lings,"Their sight overtaketh Him not, but He overtaketh their sight and He is the All-Pervading-All-Prevailing, the Infinitely Aware. [BC] [WS]"
6,19,lings,"The sight overtaketh Him not, but He overtaketh the sight.... [SS]"
6,20,lings,Men’s sight cannot reach Him.... [S]
6,21,lings,"Is he who was dead, and whom then We raised to life, setting for him a light whereby he might walk among men, like unto him who is as it were in darkness whence he cannot emerge.... [BC]"
6,22,lings,"he who was dead and whom We have brought to life, making for him a light whereby he walketh among men.... [WS]"
6,23,lings,"Is he who was dead and whom We brought to life, setting for him a light whereby he walketh among men, like unto him who is in darkness whence he cannot emerge.... [RS]"
6,24,lings,"And whomsoever God wisheth to guide, He expandeth his breast unto submission. And whomsoever He wisheth to lead astray, He contracteth his breast and maketh it narrow as if he were climbing heaven.... [BC]"
6,25,lings,…an exposition of everything.... [M]
6,26,lings,Sources Used
6,27,lings,• Unpublished Material (1938-2005) [UM]
6,28,lings,BOOKS
6,29,lings,• The Book of Certainty (1952) [BC]
6,30,lings,• A Sufi Saint of the Twentieth Century (1961) [SS]
6,31,lings,• What is Sufism (1975) [WS]
6,32,lings,• The Quranic Art of Calligraphy and Illumination (1976) [QACI]
6,33,lings,• Muhammad (1983) [M]
6,34,lings,• Symbol and Archetype (1991) [SA]
6,35,lings,• Sufi Poems (2004) [SP]
6,36,lings,• Mecca (2004) [Mec.]
6,37,lings,• Return to the Spirit (2005) [RS]
6,38,lings,• Splendours of Qur’an Calligraphy and Illumination (2005) [SQCI]
6,39,lings,ARTICLES
6,40,lings,• “Proofs of Islam”(1954). Islamic Cultural Centre. [PI]
6,41,lings,"• “The Islamic and Christian Conceptions of the March of Time” (1954) The Islamic Quarterly, Vol.1 No.4. [ICCT]"
6,42,lings,"• “The Origins of Sufism (1956) The Islamic Quarterly, Vol.III No.1 [OS]"
6,43,lings,• “Sufism”: Religion in the Middle East (1969); ed.A.J. Arberry [S]
6,44,lings,• “Sufi Answers to Questions On Ultimate Reality”: Studies in Comparative Religions 1979 Summer/Autumn [SCR-SA]
6,45,lings,• “The Nature and Origin of Sufism”: Islamic Spirituality (1985) [NOS]
6,46,lings,"• “Mystical Poetry”: The Cambridge History of Arabic Literature, Vol.2 (1990) [MP]"
6,47,lings,LECTURES
6,48,lings,• “The Quranic Doctrine of the Afterlife” [L-QD]
6,49,lings,• “The Quranic Origins of Sufism” [L-QOS]
6,50,lings,• “Human Origins and Destinies According to the Great Religions of the World” [L-HOD]
6,51,lings,• “Metaphysics and the Perennial Philosophy” [L-MPP]
6,52,lings,• “An Introduction to Islam” [L-II]
6,53,lings,• “The Universality of the Quran” [L-UQ]
6,54,lings,• Private Talks [L-PT]
6,55,lings,Books without Quranic Ayaat
6,56,lings,• Collected Poems
6,57,lings,• Ancient Beliefs and Modern Superstitions
6,58,lings,• The Eleventh Hour
6,59,lings,• The Secret of Shakespeare
6,60,lings,Articles without Quranic Ayaat
6,61,lings,• “Signs of the Times”: Studies in Comparative Religions 1970 Winter
6,62,lings,"• “Ibn Aliwah” Encyclopedia of Islam, Second Edition"
6,63,lings,"• “Kabd” Encyclopedia of Islam, Second Edition"
7,1,lings,And we remove whatever there may be of rancour in their breasts.... [M]
7,2,lings,"…and on the heights are men… they call out to the people of Paradise: Peace be on you. They have not entered it yet, though they long to enter. [RS]"
7,3,lings,…on the heights are men… they call up to the people of Paradise “Peace be on you”. They have not entered it yet though they are eager to enter. [L-QD]
7,4,lings,"…they have not yet entered Paradise, though they long to do so. [L-HOD]"
7,5,lings,Invoke your Lord with humility and in secret. He loveth not transgressors. [UM]
7,6,lings,Call upon God in humility and in secret.... [WS]
7,7,lings,And cause not corruption upon the earth after its ordering; and invoke Him with fear and desire; truly the Mercy of God is nigh upon those who do good. [UM]
7,8,lings,…call upon Him in fear and in eager desire.... [WS]
7,9,lings,…verily We stand over them Irresistable. [SS]
7,10,lings,"…thou shalt not see Me. Gaze upon the mountain: if it stand firm in its place, then shalt thou see Me. And when His Lord manifested Himself unto the mountain… Moses fell down senseless.... [SS]"
7,11,lings,…O Moses I have chosen thee above all mankind by My messages and My speaking unto thee.... [M]
7,12,lings,…I shall fate it as being for them that fear Me.... [UM]
7,13,lings,…My Mercy embraceth all things. [QACI] [SQCI]
7,14,lings,…the unlettered Prophet.... [QACI] [SQCI]
7,15,lings,"Remember when thy Lord took the seeds of the sons of Adam from their loins and made them bear witness against themselves, and said: “Am I not your Lord?” They said: ”Yea, we testify”. This was lest ye should say on the day of Resurrection: “Of this we were unaware”. [SS]"
7,16,lings,And unto God belong the most beautiful names.... [UM]
7,17,lings,"God’s are the most Beautiful Names, so call on Him by them.... [OS]"
7,18,lings,…it weighs heavily in the womb of the heavens and the earth.... [WS]
7,19,lings,…the heavens and the earth are pregnant with it.... [M]
7,20,lings,Sources Used
7,21,lings,• Unpublished Material (1938-2005) [UM]
7,22,lings,BOOKS
7,23,lings,• The Book of Certainty (1952) [BC]
7,24,lings,• A Sufi Saint of the Twentieth Century (1961) [SS]
7,25,lings,• What is Sufism (1975) [WS]
7,26,lings,• The Quranic Art of Calligraphy and Illumination (1976) [QACI]
7,27,lings,• Muhammad (1983) [M]
7,28,lings,• Symbol and Archetype (1991) [SA]
7,29,lings,• Sufi Poems (2004) [SP]
7,30,lings,• Mecca (2004) [Mec.]
7,31,lings,• Return to the Spirit (2005) [RS]
7,32,lings,• Splendours of Qur’an Calligraphy and Illumination (2005) [SQCI]
7,33,lings,ARTICLES
7,34,lings,• “Proofs of Islam”(1954). Islamic Cultural Centre. [PI]
7,35,lings,"• “The Islamic and Christian Conceptions of the March of Time” (1954) The Islamic Quarterly, Vol.1 No.4. [ICCT]"
7,36,lings,"• “The Origins of Sufism (1956) The Islamic Quarterly, Vol.III No.1 [OS]"
7,37,lings,• “Sufism”: Religion in the Middle East (1969); ed.A.J. Arberry [S]
7,38,lings,• “Sufi Answers to Questions On Ultimate Reality”: Studies in Comparative Religions 1979 Summer/Autumn [SCR-SA]
7,39,lings,• “The Nature and Origin of Sufism”: Islamic Spirituality (1985) [NOS]
7,40,lings,"• “Mystical Poetry”: The Cambridge History of Arabic Literature, Vol.2 (1990) [MP]"
7,41,lings,LECTURES
7,42,lings,• “The Quranic Doctrine of the Afterlife” [L-QD]
7,43,lings,• “The Quranic Origins of Sufism” [L-QOS]
7,44,lings,• “Human Origins and Destinies According to the Great Religions of the World” [L-HOD]
7,45,lings,• “Metaphysics and the Perennial Philosophy” [L-MPP]
7,46,lings,• “An Introduction to Islam” [L-II]
7,47,lings,• “The Universality of the Quran” [L-UQ]
7,48,lings,• Private Talks [L-PT]
7,49,lings,Books without Quranic Ayaat
7,50,lings,• Collected Poems
7,51,lings,• Ancient Beliefs and Modern Superstitions
7,52,lings,• The Eleventh Hour
7,53,lings,• The Secret of Shakespeare
7,54,lings,Articles without Quranic Ayaat
7,55,lings,• “Signs of the Times”: Studies in Comparative Religions 1970 Winter
7,56,lings,"• “Ibn Aliwah” Encyclopedia of Islam, Second Edition"
7,57,lings,"• “Kabd” Encyclopedia of Islam, Second Edition"
8,1,lings,They will question thee concerning the spoils of war. Say: The spoils of war are for God and the messenger.... [M]
8,2,lings,Only those are believers whose hearts thrill with awe at the remembrance of God.... [SS]
8,3,lings,"…I will help you with a thousand of the angels, troop on troop. [M]"
8,4,lings,"When thy Lord revealed unto the angels: Lo, I am with you, so make firm the believers. I shall cast terror into the hearts of the disbelievers. It is for you to strike off their heads, and to smite their every finger. [M]"
8,5,lings,"…thou threwest not when thou threwest, but it was God that threw.... [SS] [M]"
8,6,lings,…God cometh in between a man and his own heart.... [SS] [S] [IS]
8,7,lings,"Fight them until there is no longer any sedition, and religion is all for God.... [WS]"
8,8,lings,"If thou overcomest them in war, then make of them an example, to strike fear into those that are behind them, that they may take heed. [M]"
8,9,lings,"If thou fearest treachery from any folk, then throw back unto them their covenant. Verily God loveth not the treacherous. [M]"
8,10,lings,"If they incline unto peace, incline thou also unto it, and trust in God.... [M]"
8,11,lings,…He it is who hath supported thee with His help and with the believers. [ICCT]
8,12,lings,"Whose hearts He has attuned. Hadst thou spent all that is in the earth, thou couldst not have attuned their hearts, but God hath attuned them. [ICCT]"
8,13,lings,"…if thou hadst spent all that is in the earth, thou couldst not have united their hearts. But God hath united their hearts.... [M]"
8,14,lings,"It is not for a prophet to hold captives until he hath made great slaughter in the land. You would have for yourselves the gains of this world and God would have for you the Hereafter, and God is Mighty, Wise. [M]"
8,15,lings,"…verily God is the All-Forgiving, the All-Merciful. [WS]"
8,16,lings,"…if God knoweth good in your hearts, He will requite you with good.... [SS]"
8,17,lings,"O Prophet, say unto those captives who are in your hands: If God knoweth any good in your hearts, He will give you better than that which hath been taken from you, and He will forgive you. Verily God is Forgiving, Merciful. [M]"
8,18,lings,Sources Used
8,19,lings,• Unpublished Material (1938-2005) [UM]
8,20,lings,BOOKS
8,21,lings,• The Book of Certainty (1952) [BC]
8,22,lings,• A Sufi Saint of the Twentieth Century (1961) [SS]
8,23,lings,• What is Sufism (1975) [WS]
8,24,lings,• The Quranic Art of Calligraphy and Illumination (1976) [QACI]
8,25,lings,• Muhammad (1983) [M]
8,26,lings,• Symbol and Archetype (1991) [SA]
8,27,lings,• Sufi Poems (2004) [SP]
8,28,lings,• Mecca (2004) [Mec.]
8,29,lings,• Return to the Spirit (2005) [RS]
8,30,lings,• Splendours of Qur’an Calligraphy and Illumination (2005) [SQCI]
8,31,lings,ARTICLES
8,32,lings,• “Proofs of Islam”(1954). Islamic Cultural Centre. [PI]
8,33,lings,"• “The Islamic and Christian Conceptions of the March of Time” (1954) The Islamic Quarterly, Vol.1 No.4. [ICCT]"
8,34,lings,"• “The Origins of Sufism (1956) The Islamic Quarterly, Vol.III No.1 [OS]"
8,35,lings,• “Sufism”: Religion in the Middle East (1969); ed.A.J. Arberry [S]
8,36,lings,• “Sufi Answers to Questions On Ultimate Reality”: Studies in Comparative Religions 1979 Summer/Autumn [SCR-SA]
8,37,lings,• “The Nature and Origin of Sufism”: Islamic Spirituality (1985) [NOS]
8,38,lings,"• “Mystical Poetry”: The Cambridge History of Arabic Literature, Vol.2 (1990) [MP]"
8,39,lings,LECTURES
8,40,lings,• “The Quranic Doctrine of the Afterlife” [L-QD]
8,41,lings,• “The Quranic Origins of Sufism” [L-QOS]
8,42,lings,• “Human Origins and Destinies According to the Great Religions of the World” [L-HOD]
8,43,lings,• “Metaphysics and the Perennial Philosophy” [L-MPP]
8,44,lings,• “An Introduction to Islam” [L-II]
8,45,lings,• “The Universality of the Quran” [L-UQ]
8,46,lings,• Private Talks [L-PT]
8,47,lings,Books without Quranic Ayaat
8,48,lings,• Collected Poems
8,49,lings,• Ancient Beliefs and Modern Superstitions
8,50,lings,• The Eleventh Hour
8,51,lings,• The Secret of Shakespeare
8,52,lings,Articles without Quranic Ayaat
8,53,lings,• “Signs of the Times”: Studies in Comparative Religions 1970 Winter
8,54,lings,"• “Ibn Aliwah” Encyclopedia of Islam, Second Edition"
8,55,lings,"• “Kabd” Encyclopedia of Islam, Second Edition"
9,1,lings,"God hath helped you on many fields, and on the day of Hunayn, when ye exulted in your numbers and they availed you naught, and the earth for all its breadth was straitened for you, and ye turned back in flight. [M]"
9,2,lings,"Then God sent down His spirit of Peace upon His Messenger and upon the faithful, and sent down hosts that ye saw not, and punished those who disbelieved. Such is the wage of the disbelievers. [M]"
9,3,lings,"And afterwards God relenteth unto whom He will, for God is Forgiving, Merciful. [M]"
9,4,lings,"O ye who believe, the idolaters are unclean. Therefore let them not come nigh unto the inviolable mosque after this their year. And if ye fear poverty, God will enrich you of His bounty. Verily God is All-Knowing, Infinitely Wise. [M]"
9,5,lings,"He it is who hath sent His Messenger with guidance and the religion of Truth, that He may make it prevail over all religion, though the idolaters be averse. [RS] [L-PT]"
9,6,lings,…wage war on the idolaters totally.... [WS]
9,7,lings,"…the second of two when they were both in the cave... grieve not, for verily God is with us.... [M]"
9,8,lings,"The alms are for the poor and needy, and for those who collect them, and those whose hearts are to be reconciled, and to set free slaves and captives, and for the relief of debtors, and for the cause of God, and for the wayfarer- an obligation enjoined by God. And God is Knowing, Wise. [M]"
9,9,lings,…God’s Beatitude is greater (than Paradise).... [S]
9,10,lings,"God hath promised the believers, the men and the women, gardens that are watered by flowing rivers wherein they shall dwell immortal, abodes of excellence in the Paradises of Eden. And Ridwan from God is greater. That is the Infinite (highest) Beatitude. [M]"
9,11,lings,"God hath promised the believers, the men and the women, gardens that are watered by flowing rivers wherein they shall dwell immortal, abodes of excellence in the Paradises of Eden. And Ridwan from God is greater. That is the immense attainment. [NOS]"
9,12,lings,"God hath promised the believers, the men and the women, gardens that are watered by flowing rivers wherein they shall dwell immortal. And Ridwan from God is greater. That is the Highest Beatitude. [RS]"
9,13,lings,"God hath promised the believers, the men and the women, gardens that are watered by flowing rivers, wherein they shall dwell immortal. And Ridwan from God is greater. That is the Infinite Beatitude. [L-QD]"
9,14,lings,"Ask forgiveness for them, or ask it not, though thou ask forgiveness for them seventy times, yet will not God forgive them.... [M]"
9,15,lings,"And never pray the funeral prayer over one of them who dieth, nor stand beside his grave, for verily they disbelieved in God and His Messenger and died in their iniquity. [M]"
9,16,lings,Take alms of their wealth to purify them.... [M]
9,17,lings,It is not God’s wont that He should send a folk astray after He hath guided them until He hath made clear unto them that against which they should be upon their guard.... [OS]
9,18,lings,There is no refuge from God except in Him.... [WS] [SA]
9,19,lings,"When the earth for all its vastness was straitened for them and when their souls were straitened, and they had come to think there is no refuge from God except in Him, then turned He unto them that they might turn in repentance unto Him. Verily God, He is the Ever-Relenting, the Merciful. [M]"
9,20,lings,Sources Used
9,21,lings,• Unpublished Material (1938-2005) [UM]
9,22,lings,BOOKS
9,23,lings,• The Book of Certainty (1952) [BC]
9,24,lings,• A Sufi Saint of the Twentieth Century (1961) [SS]
9,25,lings,• What is Sufism (1975) [WS]
9,26,lings,• The Quranic Art of Calligraphy and Illumination (1976) [QACI]
9,27,lings,• Muhammad (1983) [M]
9,28,lings,• Symbol and Archetype (1991) [SA]
9,29,lings,• Sufi Poems (2004) [SP]
9,30,lings,• Mecca (2004) [Mec.]
9,31,lings,• Return to the Spirit (2005) [RS]
9,32,lings,• Splendours of Qur’an Calligraphy and Illumination (2005) [SQCI]
9,33,lings,ARTICLES
9,34,lings,• “Proofs of Islam”(1954). Islamic Cultural Centre. [PI]
9,35,lings,"• “The Islamic and Christian Conceptions of the March of Time” (1954) The Islamic Quarterly, Vol.1 No.4. [ICCT]"
9,36,lings,"• “The Origins of Sufism (1956) The Islamic Quarterly, Vol.III No.1 [OS]"
9,37,lings,• “Sufism”: Religion in the Middle East (1969); ed.A.J. Arberry [S]
9,38,lings,• “Sufi Answers to Questions On Ultimate Reality”: Studies in Comparative Religions 1979 Summer/Autumn [SCR-SA]
9,39,lings,• “The Nature and Origin of Sufism”: Islamic Spirituality (1985) [NOS]
9,40,lings,"• “Mystical Poetry”: The Cambridge History of Arabic Literature, Vol.2 (1990) [MP]"
9,41,lings,LECTURES
9,42,lings,• “The Quranic Doctrine of the Afterlife” [L-QD]
9,43,lings,• “The Quranic Origins of Sufism” [L-QOS]
9,44,lings,• “Human Origins and Destinies According to the Great Religions of the World” [L-HOD]
9,45,lings,• “Metaphysics and the Perennial Philosophy” [L-MPP]
9,46,lings,• “An Introduction to Islam” [L-II]
9,47,lings,• “The Universality of the Quran” [L-UQ]
9,48,lings,• Private Talks [L-PT]
9,49,lings,Books without Quranic Ayaat
9,50,lings,• Collected Poems
9,51,lings,• Ancient Beliefs and Modern Superstitions
9,52,lings,• The Eleventh Hour
9,53,lings,• The Secret of Shakespeare
9,54,lings,Articles without Quranic Ayaat
9,55,lings,• “Signs of the Times”: Studies in Comparative Religions 1970 Winter
9,56,lings,"• “Ibn Aliwah” Encyclopedia of Islam, Second Edition"
9,57,lings,"• “Kabd” Encyclopedia of Islam, Second Edition"
10,1,lings,He it is Who hath made the sun a splendour and the moon a light.... [BC]
10,2,lings,"They who set not their hopes on meeting Us, and who are satisfied with this lower life and find their deepest peace therein, and fail to treat Our signs as signs. [M]"
10,3,lings,Verily this lower life is but as water which we have sent down from the sky.... [SA]
10,4,lings,"And Allah calls to the House of Peace, and guides whom He will towards the ascending Way. [UM]"
10,5,lings,For every community there is a Messenger.... [SS] [L-II]
10,6,lings,For every nation there is a Messenger.... [NOS]
10,7,lings,Sources Used
10,8,lings,• Unpublished Material (1938-2005) [UM]
10,9,lings,BOOKS
10,10,lings,• The Book of Certainty (1952) [BC]
10,11,lings,• A Sufi Saint of the Twentieth Century (1961) [SS]
10,12,lings,• What is Sufism (1975) [WS]
10,13,lings,• The Quranic Art of Calligraphy and Illumination (1976) [QACI]
10,14,lings,• Muhammad (1983) [M]
10,15,lings,• Symbol and Archetype (1991) [SA]
10,16,lings,• Sufi Poems (2004) [SP]
10,17,lings,• Mecca (2004) [Mec.]
10,18,lings,• Return to the Spirit (2005) [RS]
10,19,lings,• Splendours of Qur’an Calligraphy and Illumination (2005) [SQCI]
10,20,lings,ARTICLES
10,21,lings,• “Proofs of Islam”(1954). Islamic Cultural Centre. [PI]
10,22,lings,"• “The Islamic and Christian Conceptions of the March of Time” (1954) The Islamic Quarterly, Vol.1 No.4. [ICCT]"
10,23,lings,"• “The Origins of Sufism (1956) The Islamic Quarterly, Vol.III No.1 [OS]"
10,24,lings,• “Sufism”: Religion in the Middle East (1969); ed.A.J. Arberry [S]
10,25,lings,• “Sufi Answers to Questions On Ultimate Reality”: Studies in Comparative Religions 1979 Summer/Autumn [SCR-SA]
10,26,lings,• “The Nature and Origin of Sufism”: Islamic Spirituality (1985) [NOS]
10,27,lings,"• “Mystical Poetry”: The Cambridge History of Arabic Literature, Vol.2 (1990) [MP]"
10,28,lings,LECTURES
10,29,lings,• “The Quranic Doctrine of the Afterlife” [L-QD]
10,30,lings,• “The Quranic Origins of Sufism” [L-QOS]
10,31,lings,• “Human Origins and Destinies According to the Great Religions of the World” [L-HOD]
10,32,lings,• “Metaphysics and the Perennial Philosophy” [L-MPP]
10,33,lings,• “An Introduction to Islam” [L-II]
10,34,lings,• “The Universality of the Quran” [L-UQ]
10,35,lings,• Private Talks [L-PT]
10,36,lings,Books without Quranic Ayaat
10,37,lings,• Collected Poems
10,38,lings,• Ancient Beliefs and Modern Superstitions
10,39,lings,• The Eleventh Hour
10,40,lings,• The Secret of Shakespeare
10,41,lings,Articles without Quranic Ayaat
10,42,lings,• “Signs of the Times”: Studies in Comparative Religions 1970 Winter
10,43,lings,"• “Ibn Aliwah” Encyclopedia of Islam, Second Edition"
10,44,lings,"• “Kabd” Encyclopedia of Islam, Second Edition"
11,1,lings,"And He it is Who created the Heavens and the earth in six days, and His throne was upon the water.... [BC]"
11,2,lings,..His throne was upon the water.... [SA]
11,3,lings,"One whom his Lord hath made certain, and whose certainty He hath then followed up with direct evidence. [SS]"
11,4,lings,…beneath our eyes.... [OS]
11,5,lings,…there is no living creature but He graspeth it by its forelock.... [OS]
11,6,lings,"On the day when it cometh no soul shall speak but by His leave, wretched some, and others blissful. [M]"
11,7,lings,"As for the wretched, in the Fire shall they be, to sigh and to wail is their portion. [M]"
11,8,lings,"Abiding therein as long as heaven and earth endure, except as God will. Verily thy Lord is ever the doer of what He will. [M]"
11,9,lings,Abiding therein so long as the heavens and the earth endure except as God wisheth. Verily God is ever the doer of what He will. [RS] [L-QD]
11,10,lings,"And as for the blissful, in the Garden shall they be, abiding therein as long as heaven and earth endure, except as God will – a gift that shall not be taken away. [M]"
11,11,lings,"…abiding therein so long as the heavens and the earth endure, except as God wisheth. A gift that shall not be taken away. [L-QD]"
11,12,lings,Sources Used
11,13,lings,• Unpublished Material (1938-2005) [UM]
11,14,lings,BOOKS
11,15,lings,• The Book of Certainty (1952) [BC]
11,16,lings,• A Sufi Saint of the Twentieth Century (1961) [SS]
11,17,lings,• What is Sufism (1975) [WS]
11,18,lings,• The Quranic Art of Calligraphy and Illumination (1976) [QACI]
11,19,lings,• Muhammad (1983) [M]
11,20,lings,• Symbol and Archetype (1991) [SA]
11,21,lings,• Sufi Poems (2004) [SP]
11,22,lings,• Mecca (2004) [Mec.]
11,23,lings,• Return to the Spirit (2005) [RS]
11,24,lings,• Splendours of Qur’an Calligraphy and Illumination (2005) [SQCI]
11,25,lings,ARTICLES
11,26,lings,• “Proofs of Islam”(1954). Islamic Cultural Centre. [PI]
11,27,lings,"• “The Islamic and Christian Conceptions of the March of Time” (1954) The Islamic Quarterly, Vol.1 No.4. [ICCT]"
11,28,lings,"• “The Origins of Sufism (1956) The Islamic Quarterly, Vol.III No.1 [OS]"
11,29,lings,• “Sufism”: Religion in the Middle East (1969); ed.A.J. Arberry [S]
11,30,lings,• “Sufi Answers to Questions On Ultimate Reality”: Studies in Comparative Religions 1979 Summer/Autumn [SCR-SA]
11,31,lings,• “The Nature and Origin of Sufism”: Islamic Spirituality (1985) [NOS]
11,32,lings,"• “Mystical Poetry”: The Cambridge History of Arabic Literature, Vol.2 (1990) [MP]"
11,33,lings,LECTURES
11,34,lings,• “The Quranic Doctrine of the Afterlife” [L-QD]
11,35,lings,• “The Quranic Origins of Sufism” [L-QOS]
11,36,lings,• “Human Origins and Destinies According to the Great Religions of the World” [L-HOD]
11,37,lings,• “Metaphysics and the Perennial Philosophy” [L-MPP]
11,38,lings,• “An Introduction to Islam” [L-II]
11,39,lings,• “The Universality of the Quran” [L-UQ]
11,40,lings,• Private Talks [L-PT]
11,41,lings,Books without Quranic Ayaat
11,42,lings,• Collected Poems
11,43,lings,• Ancient Beliefs and Modern Superstitions
11,44,lings,• The Eleventh Hour
11,45,lings,• The Secret of Shakespeare
11,46,lings,Articles without Quranic Ayaat
11,47,lings,• “Signs of the Times”: Studies in Comparative Religions 1970 Winter
11,48,lings,"• “Ibn Aliwah” Encyclopedia of Islam, Second Edition"
11,49,lings,"• “Kabd” Encyclopedia of Islam, Second Edition"
12,1,lings,…beautiful patience must be mine; and God is He of whom help is to be asked against what they say. [M]
12,2,lings,…this is none other than a noble Angel. [SS]
12,3,lings,…they said: Peerless is God’s Glory! This is not of humankind…. [SS] [M]
12,4,lings,…glory be to God! This is not a man; this is none other than a noble angel. [QACI] [SQCI]
12,5,lings,…verily the soul commandeth unto evil.... [M]
12,6,lings,…We exalt in degree whom We will; and above each one that hath knowledge is one that knoweth more. [OS] [SS]
12,7,lings,…his eyes grew white with blindness for the grief that he was suppressing. [SS]
12,8,lings,"This day there shall be no upbraiding of you nor reproach. God forgiveth you, and He is the most Merciful of the merciful. [M]"
12,9,lings,"This day there shall be no upbraiding of you nor reproach. God forgiveth you, and He is the Mercifullest of the merciful. [Mec.]"
12,10,lings,Sources Used
12,11,lings,• Unpublished Material (1938-2005) [UM]
12,12,lings,BOOKS
12,13,lings,• The Book of Certainty (1952) [BC]
12,14,lings,• A Sufi Saint of the Twentieth Century (1961) [SS]
12,15,lings,• What is Sufism (1975) [WS]
12,16,lings,• The Quranic Art of Calligraphy and Illumination (1976) [QACI]
12,17,lings,• Muhammad (1983) [M]
12,18,lings,• Symbol and Archetype (1991) [SA]
12,19,lings,• Sufi Poems (2004) [SP]
12,20,lings,• Mecca (2004) [Mec.]
12,21,lings,• Return to the Spirit (2005) [RS]
12,22,lings,• Splendours of Qur’an Calligraphy and Illumination (2005) [SQCI]
12,23,lings,ARTICLES
12,24,lings,• “Proofs of Islam”(1954). Islamic Cultural Centre. [PI]
12,25,lings,"• “The Islamic and Christian Conceptions of the March of Time” (1954) The Islamic Quarterly, Vol.1 No.4. [ICCT]"
12,26,lings,"• “The Origins of Sufism (1956) The Islamic Quarterly, Vol.III No.1 [OS]"
12,27,lings,• “Sufism”: Religion in the Middle East (1969); ed.A.J. Arberry [S]
12,28,lings,• “Sufi Answers to Questions On Ultimate Reality”: Studies in Comparative Religions 1979 Summer/Autumn [SCR-SA]
12,29,lings,• “The Nature and Origin of Sufism”: Islamic Spirituality (1985) [NOS]
12,30,lings,"• “Mystical Poetry”: The Cambridge History of Arabic Literature, Vol.2 (1990) [MP]"
12,31,lings,LECTURES
12,32,lings,• “The Quranic Doctrine of the Afterlife” [L-QD]
12,33,lings,• “The Quranic Origins of Sufism” [L-QOS]
12,34,lings,• “Human Origins and Destinies According to the Great Religions of the World” [L-HOD]
12,35,lings,• “Metaphysics and the Perennial Philosophy” [L-MPP]
12,36,lings,• “An Introduction to Islam” [L-II]
12,37,lings,• “The Universality of the Quran” [L-UQ]
12,38,lings,• Private Talks [L-PT]
12,39,lings,Books without Quranic Ayaat
12,40,lings,• Collected Poems
12,41,lings,• Ancient Beliefs and Modern Superstitions
12,42,lings,• The Eleventh Hour
12,43,lings,• The Secret of Shakespeare
12,44,lings,Articles without Quranic Ayaat
12,45,lings,• “Signs of the Times”: Studies in Comparative Religions 1970 Winter
12,46,lings,"• “Ibn Aliwah” Encyclopedia of Islam, Second Edition"
12,47,lings,"• “Kabd” Encyclopedia of Islam, Second Edition"
13,1,lings,"He it is who showeth you the lightning, a fear and a longing, and raiseth the heavy clouds. [SA]"
13,2,lings,"And the thunder extolleth and praiseth Him, as do the angels for awe of Him.... [SA]"
13,3,lings,"He sendeth down water from heaven, so that valleys are in flood with it, each according to its capacity. [SS]"
13,4,lings,"He sendeth down water from heaven, so that valleys are in flood with it, each according to its capacity, and the flood beareth swelling foam….thus God coineth the symbols of reality and illusion. Then as for the foam, it goeth as scum upon the banks, and as for what profiteth men, it remaineth in the earth.... [SA]"
13,5,lings,…are not hearts at peace in the remembrance of God? [WS]
13,6,lings,…is it not in the remembrance of God that hearts find rest? [UM]
13,7,lings,…is it not in the remembrance of God that hearts find repose? [UM]
13,8,lings,Those who believe and whose hearts rest in security in the remembrance of Allah.... [UM]
13,9,lings,Those who believe and whose hearts repose in security through the invocation of God.... [UM]
13,10,lings,"God effaceth and confirmeth what He will, and with Him is the Mother of the Book. [SS]"
13,11,lings,…the Mother of the Book. [QACI]
13,12,lings,Sources Used
13,13,lings,• Unpublished Material (1938-2005) [UM]
13,14,lings,BOOKS
13,15,lings,• The Book of Certainty (1952) [BC]
13,16,lings,• A Sufi Saint of the Twentieth Century (1961) [SS]
13,17,lings,• What is Sufism (1975) [WS]
13,18,lings,• The Quranic Art of Calligraphy and Illumination (1976) [QACI]
13,19,lings,• Muhammad (1983) [M]
13,20,lings,• Symbol and Archetype (1991) [SA]
13,21,lings,• Sufi Poems (2004) [SP]
13,22,lings,• Mecca (2004) [Mec.]
13,23,lings,• Return to the Spirit (2005) [RS]
13,24,lings,• Splendours of Qur’an Calligraphy and Illumination (2005) [SQCI]
13,25,lings,ARTICLES
13,26,lings,• “Proofs of Islam”(1954). Islamic Cultural Centre. [PI]
13,27,lings,"• “The Islamic and Christian Conceptions of the March of Time” (1954) The Islamic Quarterly, Vol.1 No.4. [ICCT]"
13,28,lings,"• “The Origins of Sufism (1956) The Islamic Quarterly, Vol.III No.1 [OS]"
13,29,lings,• “Sufism”: Religion in the Middle East (1969); ed.A.J. Arberry [S]
13,30,lings,• “Sufi Answers to Questions On Ultimate Reality”: Studies in Comparative Religions 1979 Summer/Autumn [SCR-SA]
13,31,lings,• “The Nature and Origin of Sufism”: Islamic Spirituality (1985) [NOS]
13,32,lings,"• “Mystical Poetry”: The Cambridge History of Arabic Literature, Vol.2 (1990) [MP]"
13,33,lings,LECTURES
13,34,lings,• “The Quranic Doctrine of the Afterlife” [L-QD]
13,35,lings,• “The Quranic Origins of Sufism” [L-QOS]
13,36,lings,• “Human Origins and Destinies According to the Great Religions of the World” [L-HOD]
13,37,lings,• “Metaphysics and the Perennial Philosophy” [L-MPP]
13,38,lings,• “An Introduction to Islam” [L-II]
13,39,lings,• “The Universality of the Quran” [L-UQ]
13,40,lings,• Private Talks [L-PT]
13,41,lings,Books without Quranic Ayaat
13,42,lings,• Collected Poems
13,43,lings,• Ancient Beliefs and Modern Superstitions
13,44,lings,• The Eleventh Hour
13,45,lings,• The Secret of Shakespeare
13,46,lings,Articles without Quranic Ayaat
13,47,lings,• “Signs of the Times”: Studies in Comparative Religions 1970 Winter
13,48,lings,"• “Ibn Aliwah” Encyclopedia of Islam, Second Edition"
13,49,lings,"• “Kabd” Encyclopedia of Islam, Second Edition"
14,1,lings,"Seest thou not how God citeth a symbol: ‘A good word is as good as a good tree, its root set (is) firm (and) its branches in heaven. [BC]"
14,2,lings,"…a good word is as good as a good tree, its root is firm, its branches are in heaven. [WS]"
14,3,lings,"Hast thou not seen how God coineth a similitude? A good word is as a good tree, its root firm, its branches in heaven. [QACI] [SQCI]"
14,4,lings,Giving its fruit at every season by the leave of its Lord. God citeth symbols for men that they may remember. [BC]
14,5,lings,Giving its fruits at every due season by the leave of its Lord. And God coineth similtudes for men that they may remember. [QACI] [SQCI]
14,6,lings,A bad word is as a bad tree which lies uprooted on the surface of the earth. [BC]
14,7,lings,…a bad tree sprawling uprooted across the ground for lack of firm foundation. [WS]
14,8,lings,"…verily I have settled a line of mine offspring in a tilthless valley at Thy Holy House…therefore incline unto them men’s hearts, and sustain them with fruits that they may be thankful. [M]"
14,9,lings,Sources Used
14,10,lings,• Unpublished Material (1938-2005) [UM]
14,11,lings,BOOKS
14,12,lings,• The Book of Certainty (1952) [BC]
14,13,lings,• A Sufi Saint of the Twentieth Century (1961) [SS]
14,14,lings,• What is Sufism (1975) [WS]
14,15,lings,• The Quranic Art of Calligraphy and Illumination (1976) [QACI]
14,16,lings,• Muhammad (1983) [M]
14,17,lings,• Symbol and Archetype (1991) [SA]
14,18,lings,• Sufi Poems (2004) [SP]
14,19,lings,• Mecca (2004) [Mec.]
14,20,lings,• Return to the Spirit (2005) [RS]
14,21,lings,• Splendours of Qur’an Calligraphy and Illumination (2005) [SQCI]
14,22,lings,ARTICLES
14,23,lings,• “Proofs of Islam”(1954). Islamic Cultural Centre. [PI]
14,24,lings,"• “The Islamic and Christian Conceptions of the March of Time” (1954) The Islamic Quarterly, Vol.1 No.4. [ICCT]"
14,25,lings,"• “The Origins of Sufism (1956) The Islamic Quarterly, Vol.III No.1 [OS]"
14,26,lings,• “Sufism”: Religion in the Middle East (1969); ed.A.J. Arberry [S]
14,27,lings,• “Sufi Answers to Questions On Ultimate Reality”: Studies in Comparative Religions 1979 Summer/Autumn [SCR-SA]
14,28,lings,• “The Nature and Origin of Sufism”: Islamic Spirituality (1985) [NOS]
14,29,lings,"• “Mystical Poetry”: The Cambridge History of Arabic Literature, Vol.2 (1990) [MP]"
14,30,lings,LECTURES
14,31,lings,• “The Quranic Doctrine of the Afterlife” [L-QD]
14,32,lings,• “The Quranic Origins of Sufism” [L-QOS]
14,33,lings,• “Human Origins and Destinies According to the Great Religions of the World” [L-HOD]
14,34,lings,• “Metaphysics and the Perennial Philosophy” [L-MPP]
14,35,lings,• “An Introduction to Islam” [L-II]
14,36,lings,• “The Universality of the Quran” [L-UQ]
14,37,lings,• Private Talks [L-PT]
14,38,lings,Books without Quranic Ayaat
14,39,lings,• Collected Poems
14,40,lings,• Ancient Beliefs and Modern Superstitions
14,41,lings,• The Eleventh Hour
14,42,lings,• The Secret of Shakespeare
14,43,lings,Articles without Quranic Ayaat
14,44,lings,• “Signs of the Times”: Studies in Comparative Religions 1970 Winter
14,45,lings,"• “Ibn Aliwah” Encyclopedia of Islam, Second Edition"
14,46,lings,"• “Kabd” Encyclopedia of Islam, Second Edition"
15,1,lings,"Nor is there anything but with Us are the treasuries thereof, and We send it not down save in known measure. [SA]"
15,2,lings,"And verily it is we who give life and make to die, and We are the Inheritor. [SA]"
15,3,lings,I breathed into him of My Spirit. [SS]
15,4,lings,…I breathed into him of My Spirit.... [SS]
15,5,lings,Over my slaves thou hast no power.... [L-QOS]
15,6,lings,And we remove whatever there may be of rancour in their breasts.... [M]
15,7,lings,Sources Used
15,8,lings,• Unpublished Material (1938-2005) [UM]
15,9,lings,BOOKS
15,10,lings,• The Book of Certainty (1952) [BC]
15,11,lings,• A Sufi Saint of the Twentieth Century (1961) [SS]
15,12,lings,• What is Sufism (1975) [WS]
15,13,lings,• The Quranic Art of Calligraphy and Illumination (1976) [QACI]
15,14,lings,• Muhammad (1983) [M]
15,15,lings,• Symbol and Archetype (1991) [SA]
15,16,lings,• Sufi Poems (2004) [SP]
15,17,lings,• Mecca (2004) [Mec.]
15,18,lings,• Return to the Spirit (2005) [RS]
15,19,lings,• Splendours of Qur’an Calligraphy and Illumination (2005) [SQCI]
15,20,lings,ARTICLES
15,21,lings,• “Proofs of Islam”(1954). Islamic Cultural Centre. [PI]
15,22,lings,"• “The Islamic and Christian Conceptions of the March of Time” (1954) The Islamic Quarterly, Vol.1 No.4. [ICCT]"
15,23,lings,"• “The Origins of Sufism (1956) The Islamic Quarterly, Vol.III No.1 [OS]"
15,24,lings,• “Sufism”: Religion in the Middle East (1969); ed.A.J. Arberry [S]
15,25,lings,• “Sufi Answers to Questions On Ultimate Reality”: Studies in Comparative Religions 1979 Summer/Autumn [SCR-SA]
15,26,lings,• “The Nature and Origin of Sufism”: Islamic Spirituality (1985) [NOS]
15,27,lings,"• “Mystical Poetry”: The Cambridge History of Arabic Literature, Vol.2 (1990) [MP]"
15,28,lings,LECTURES
15,29,lings,• “The Quranic Doctrine of the Afterlife” [L-QD]
15,30,lings,• “The Quranic Origins of Sufism” [L-QOS]
15,31,lings,• “Human Origins and Destinies According to the Great Religions of the World” [L-HOD]
15,32,lings,• “Metaphysics and the Perennial Philosophy” [L-MPP]
15,33,lings,• “An Introduction to Islam” [L-II]
15,34,lings,• “The Universality of the Quran” [L-UQ]
15,35,lings,• Private Talks [L-PT]
15,36,lings,Books without Quranic Ayaat
15,37,lings,• Collected Poems
15,38,lings,• Ancient Beliefs and Modern Superstitions
15,39,lings,• The Eleventh Hour
15,40,lings,• The Secret of Shakespeare
15,41,lings,Articles without Quranic Ayaat
15,42,lings,• “Signs of the Times”: Studies in Comparative Religions 1970 Winter
15,43,lings,"• “Ibn Aliwah” Encyclopedia of Islam, Second Edition"
15,44,lings,"• “Kabd” Encyclopedia of Islam, Second Edition"
16,1,lings,"And whatsoever He hath created for you on earth of diverse hues, verily therein is a sign for people bent on remembrance. [SA]"
16,2,lings,Those who have patience and trust in their Lord. [UM]
16,3,lings,…He hath given you hearing and sight and heart knowledge that ye may be thankful. [M]
16,4,lings,"If ye inflict punishment, then inflict only so much as ye have suffered; but if ye endure patiently, that is better for the patient. [M]"
16,5,lings,Sources Used
16,6,lings,• Unpublished Material (1938-2005) [UM]
16,7,lings,BOOKS
16,8,lings,• The Book of Certainty (1952) [BC]
16,9,lings,• A Sufi Saint of the Twentieth Century (1961) [SS]
16,10,lings,• What is Sufism (1975) [WS]
16,11,lings,• The Quranic Art of Calligraphy and Illumination (1976) [QACI]
16,12,lings,• Muhammad (1983) [M]
16,13,lings,• Symbol and Archetype (1991) [SA]
16,14,lings,• Sufi Poems (2004) [SP]
16,15,lings,• Mecca (2004) [Mec.]
16,16,lings,• Return to the Spirit (2005) [RS]
16,17,lings,• Splendours of Qur’an Calligraphy and Illumination (2005) [SQCI]
16,18,lings,ARTICLES
16,19,lings,• “Proofs of Islam”(1954). Islamic Cultural Centre. [PI]
16,20,lings,"• “The Islamic and Christian Conceptions of the March of Time” (1954) The Islamic Quarterly, Vol.1 No.4. [ICCT]"
16,21,lings,"• “The Origins of Sufism (1956) The Islamic Quarterly, Vol.III No.1 [OS]"
16,22,lings,• “Sufism”: Religion in the Middle East (1969); ed.A.J. Arberry [S]
16,23,lings,• “Sufi Answers to Questions On Ultimate Reality”: Studies in Comparative Religions 1979 Summer/Autumn [SCR-SA]
16,24,lings,• “The Nature and Origin of Sufism”: Islamic Spirituality (1985) [NOS]
16,25,lings,"• “Mystical Poetry”: The Cambridge History of Arabic Literature, Vol.2 (1990) [MP]"
16,26,lings,LECTURES
16,27,lings,• “The Quranic Doctrine of the Afterlife” [L-QD]
16,28,lings,• “The Quranic Origins of Sufism” [L-QOS]
16,29,lings,• “Human Origins and Destinies According to the Great Religions of the World” [L-HOD]
16,30,lings,• “Metaphysics and the Perennial Philosophy” [L-MPP]
16,31,lings,• “An Introduction to Islam” [L-II]
16,32,lings,• “The Universality of the Quran” [L-UQ]
16,33,lings,• Private Talks [L-PT]
16,34,lings,Books without Quranic Ayaat
16,35,lings,• Collected Poems
16,36,lings,• Ancient Beliefs and Modern Superstitions
16,37,lings,• The Eleventh Hour
16,38,lings,• The Secret of Shakespeare
16,39,lings,Articles without Quranic Ayaat
16,40,lings,• “Signs of the Times”: Studies in Comparative Religions 1970 Winter
16,41,lings,"• “Ibn Aliwah” Encyclopedia of Islam, Second Edition"
16,42,lings,"• “Kabd” Encyclopedia of Islam, Second Edition"
17,1,lings,Glory be to Him who took His slave by night from the inviolable Mosque unto that furthest Mosque whose precincts We have made blessed.... [Mec.]
17,2,lings,"Behold how We have given precedence of favor unto some over others; and verily the Beyond is greater in degrees, and greater in hierarchic precedences. [SCR-SA]"
17,3,lings,Behold how We have favoured some of them above others; and verily the Hereafter is greater in degrees and greater in hierarchic precedences. [M] [L-QD] [L-PT]
17,4,lings,Behold how We have favoured some of them above others; and verily the Hereafter is greater in degrees and greater in precedences of favouring. [SA]
17,5,lings,Behold how We have favoured some of them above others; and verily the Hereafter is greater in degrees and greater in precedences. [RS]
17,6,lings,"Verily We have given them in this Koran ample reason to take heed, yet it doth but increase them in aversion. [M]"
17,7,lings,"The seven Heavens and the earth extol Him, and all that is therein, and there is naught that hymneth not his praise, yet ye understand not their praising.... [BC]"
17,8,lings,"The seven heavens and the earth and all that is therein extol Him, nor is there anything which doth not glorify Him with praise; yet ye understand not their glorification.... [WS]"
17,9,lings,"The seven heavens and the earth and all therein glorify Him. Nothing is, but glorifieth Him with Praise.... [NOS]"
17,10,lings,"The seven Heavens and the earth and all that is therein glorify Him, nor is there anything but glorifieth Him with praise; yet ye understand not their glorification.... [SA]"
17,11,lings,…there is nothing that doth not praise Him.... [SA]
17,12,lings,…and there is nothing that does not sing His praises… [UM]
17,13,lings,…there is nothing which does not praise Him.... [L-PT]
17,14,lings,"…and We have favoured some of the Prophets above others, and unto David we gave the Psalms. [BC] [SCR-SA]"
17,15,lings,"…some of the Prophets We have favoured above others, and unto David We gave the Psalms. [Mec.]"
17,16,lings,"…We give them cause to fear, yet it doth but increase them in monstrous outrage. [M]"
17,17,lings,"Verily over my slaves thou, Satan, hast no power.... [BC]"
17,18,lings,"As to My slaves, over them thou hast no power.... [M]"
17,19,lings,"And part of the night, keep vigil as a free devotion from thee; perchance thy Lord shall resurrect thee in a glorious station. [UM]"
17,20,lings,The Truth hath come and the false hath vanished. Verily the false is ever a vanisher. [M]
17,21,lings,Reality hath come and vanity hath disappeared; indeed vanity is ephemeral. [UM]
17,22,lings,"They will question thee concerning the Spirit. Say: the Spirit proceedeth from the command of my Lord; and ye have not been given knowledge, save only a little. [M]"
17,23,lings,"If the angels walked at their ease upon earth, verily We had sent down upon them an angel messenger. [M]"
17,24,lings,"If there were on earth angels walking at their ease, We had sent down upon them an angel as messenger. [SA]"
17,25,lings,"Invoke God (Allah) or invoke the Infinitely-Good (ar-Rahman), whichever ye invoke, His are the names most Beautiful.... [M]"
17,26,lings,Call upon Allah or call upon Ar-Rahman.... [UM]
17,27,lings,Sources Used
17,28,lings,• Unpublished Material (1938-2005) [UM]
17,29,lings,BOOKS
17,30,lings,• The Book of Certainty (1952) [BC]
17,31,lings,• A Sufi Saint of the Twentieth Century (1961) [SS]
17,32,lings,• What is Sufism (1975) [WS]
17,33,lings,• The Quranic Art of Calligraphy and Illumination (1976) [QACI]
17,34,lings,• Muhammad (1983) [M]
17,35,lings,• Symbol and Archetype (1991) [SA]
17,36,lings,• Sufi Poems (2004) [SP]
17,37,lings,• Mecca (2004) [Mec.]
17,38,lings,• Return to the Spirit (2005) [RS]
17,39,lings,• Splendours of Qur’an Calligraphy and Illumination (2005) [SQCI]
17,40,lings,ARTICLES
17,41,lings,• “Proofs of Islam”(1954). Islamic Cultural Centre. [PI]
17,42,lings,"• “The Islamic and Christian Conceptions of the March of Time” (1954) The Islamic Quarterly, Vol.1 No.4. [ICCT]"
17,43,lings,"• “The Origins of Sufism (1956) The Islamic Quarterly, Vol.III No.1 [OS]"
17,44,lings,• “Sufism”: Religion in the Middle East (1969); ed.A.J. Arberry [S]
17,45,lings,• “Sufi Answers to Questions On Ultimate Reality”: Studies in Comparative Religions 1979 Summer/Autumn [SCR-SA]
17,46,lings,• “The Nature and Origin of Sufism”: Islamic Spirituality (1985) [NOS]
17,47,lings,"• “Mystical Poetry”: The Cambridge History of Arabic Literature, Vol.2 (1990) [MP]"
17,48,lings,LECTURES
17,49,lings,• “The Quranic Doctrine of the Afterlife” [L-QD]
17,50,lings,• “The Quranic Origins of Sufism” [L-QOS]
17,51,lings,• “Human Origins and Destinies According to the Great Religions of the World” [L-HOD]
17,52,lings,• “Metaphysics and the Perennial Philosophy” [L-MPP]
17,53,lings,• “An Introduction to Islam” [L-II]
17,54,lings,• “The Universality of the Quran” [L-UQ]
17,55,lings,• Private Talks [L-PT]
17,56,lings,Books without Quranic Ayaat
17,57,lings,• Collected Poems
17,58,lings,• Ancient Beliefs and Modern Superstitions
17,59,lings,• The Eleventh Hour
17,60,lings,• The Secret of Shakespeare
17,61,lings,Articles without Quranic Ayaat
17,62,lings,• “Signs of the Times”: Studies in Comparative Religions 1970 Winter
17,63,lings,"• “Ibn Aliwah” Encyclopedia of Islam, Second Edition"
17,64,lings,"• “Kabd” Encyclopedia of Islam, Second Edition"
18,1,lings,And say not of anything: verily I shall do that tomorrow. [M]
18,2,lings,Except thou sayest: if God will....[M]
18,3,lings,…they seek His Face.... [OS]
18,4,lings,…I will not give up until I reach the meeting-place of the two Seas…. [BC]
18,5,lings,…I will not cease until I reach the meeting-place of the two seas…. [WS] [SA]
18,6,lings,One of our slaves unto whom We had given mercy from Our Mercy and knowledge from Our Knowledge. [SA]
18,7,lings,Moses said unto him: May I follow thee that from what thou hast been taught thou mayst teach me with right guidance. [SA]
18,8,lings,He said: verily thou canst not be patient with me. [SA]
18,9,lings,For how shouldst thou be patient in respect of that which is beyond the compass of thine experience? [SA]
18,10,lings,"He said: God willing, thou shalt find me patient, nor will I gainsay thee in aught. [SA]"
18,11,lings,"He said: Then if thou go with me, question me of naught until of myself I mention it to thee. [SA]"
18,12,lings,"If the sea were ink for the Words of thy Lord, the sea would be used up before the Words of the Lord were used up.... [SA]"
18,13,lings,Sources Used
18,14,lings,• Unpublished Material (1938-2005) [UM]
18,15,lings,BOOKS
18,16,lings,• The Book of Certainty (1952) [BC]
18,17,lings,• A Sufi Saint of the Twentieth Century (1961) [SS]
18,18,lings,• What is Sufism (1975) [WS]
18,19,lings,• The Quranic Art of Calligraphy and Illumination (1976) [QACI]
18,20,lings,• Muhammad (1983) [M]
18,21,lings,• Symbol and Archetype (1991) [SA]
18,22,lings,• Sufi Poems (2004) [SP]
18,23,lings,• Mecca (2004) [Mec.]
18,24,lings,• Return to the Spirit (2005) [RS]
18,25,lings,• Splendours of Qur’an Calligraphy and Illumination (2005) [SQCI]
18,26,lings,ARTICLES
18,27,lings,• “Proofs of Islam”(1954). Islamic Cultural Centre. [PI]
18,28,lings,"• “The Islamic and Christian Conceptions of the March of Time” (1954) The Islamic Quarterly, Vol.1 No.4. [ICCT]"
18,29,lings,"• “The Origins of Sufism (1956) The Islamic Quarterly, Vol.III No.1 [OS]"
18,30,lings,• “Sufism”: Religion in the Middle East (1969); ed.A.J. Arberry [S]
18,31,lings,• “Sufi Answers to Questions On Ultimate Reality”: Studies in Comparative Religions 1979 Summer/Autumn [SCR-SA]
18,32,lings,• “The Nature and Origin of Sufism”: Islamic Spirituality (1985) [NOS]
18,33,lings,"• “Mystical Poetry”: The Cambridge History of Arabic Literature, Vol.2 (1990) [MP]"
18,34,lings,LECTURES
18,35,lings,• “The Quranic Doctrine of the Afterlife” [L-QD]
18,36,lings,• “The Quranic Origins of Sufism” [L-QOS]
18,37,lings,• “Human Origins and Destinies According to the Great Religions of the World” [L-HOD]
18,38,lings,• “Metaphysics and the Perennial Philosophy” [L-MPP]
18,39,lings,• “An Introduction to Islam” [L-II]
18,40,lings,• “The Universality of the Quran” [L-UQ]
18,41,lings,• Private Talks [L-PT]
18,42,lings,Books without Quranic Ayaat
18,43,lings,• Collected Poems
18,44,lings,• Ancient Beliefs and Modern Superstitions
18,45,lings,• The Eleventh Hour
18,46,lings,• The Secret of Shakespeare
18,47,lings,Articles without Quranic Ayaat
18,48,lings,• “Signs of the Times”: Studies in Comparative Religions 1970 Winter
18,49,lings,"• “Ibn Aliwah” Encyclopedia of Islam, Second Edition"
18,50,lings,"• “Kabd” Encyclopedia of Islam, Second Edition"
19,1,lings,"And make mention of Mary in the Book, when she withdrew from her people unto a place towards the east. [M]"
19,2,lings,And secluded herself from them. And We sent unto her Our Spirit and it appeared unto her in the likeness of a perfect man. [M]
19,3,lings,"She said: I take refuge from thee in the Infinitely Good, if any piety thou hast. [M]"
19,4,lings,"He said: I am none other than a messenger from thy Lord, that I may bestow on thee a son most pure. [M]"
19,5,lings,"She said: How can there be for me a son, when no man hath touched me, nor am I unchaste? [M]"
19,6,lings,He said: even so shall it be; thy Lord saith: It is easy for Me. That we may make him a sign for mankind and a mercy from Us; and it is a thing ordained. [M]
19,7,lings,…inherit the earth and all who are on it… [SS]
19,8,lings,Sources Used
19,9,lings,• Unpublished Material (1938-2005) [UM]
19,10,lings,BOOKS
19,11,lings,• The Book of Certainty (1952) [BC]
19,12,lings,• A Sufi Saint of the Twentieth Century (1961) [SS]
19,13,lings,• What is Sufism (1975) [WS]
19,14,lings,• The Quranic Art of Calligraphy and Illumination (1976) [QACI]
19,15,lings,• Muhammad (1983) [M]
19,16,lings,• Symbol and Archetype (1991) [SA]
19,17,lings,• Sufi Poems (2004) [SP]
19,18,lings,• Mecca (2004) [Mec.]
19,19,lings,• Return to the Spirit (2005) [RS]
19,20,lings,• Splendours of Qur’an Calligraphy and Illumination (2005) [SQCI]
19,21,lings,ARTICLES
19,22,lings,• “Proofs of Islam”(1954). Islamic Cultural Centre. [PI]
19,23,lings,"• “The Islamic and Christian Conceptions of the March of Time” (1954) The Islamic Quarterly, Vol.1 No.4. [ICCT]"
19,24,lings,"• “The Origins of Sufism (1956) The Islamic Quarterly, Vol.III No.1 [OS]"
19,25,lings,• “Sufism”: Religion in the Middle East (1969); ed.A.J. Arberry [S]
19,26,lings,• “Sufi Answers to Questions On Ultimate Reality”: Studies in Comparative Religions 1979 Summer/Autumn [SCR-SA]
19,27,lings,• “The Nature and Origin of Sufism”: Islamic Spirituality (1985) [NOS]
19,28,lings,"• “Mystical Poetry”: The Cambridge History of Arabic Literature, Vol.2 (1990) [MP]"
19,29,lings,LECTURES
19,30,lings,• “The Quranic Doctrine of the Afterlife” [L-QD]
19,31,lings,• “The Quranic Origins of Sufism” [L-QOS]
19,32,lings,• “Human Origins and Destinies According to the Great Religions of the World” [L-HOD]
19,33,lings,• “Metaphysics and the Perennial Philosophy” [L-MPP]
19,34,lings,• “An Introduction to Islam” [L-II]
19,35,lings,• “The Universality of the Quran” [L-UQ]
19,36,lings,• Private Talks [L-PT]
19,37,lings,Books without Quranic Ayaat
19,38,lings,• Collected Poems
19,39,lings,• Ancient Beliefs and Modern Superstitions
19,40,lings,• The Eleventh Hour
19,41,lings,• The Secret of Shakespeare
19,42,lings,Articles without Quranic Ayaat
19,43,lings,• “Signs of the Times”: Studies in Comparative Religions 1970 Winter
19,44,lings,"• “Ibn Aliwah” Encyclopedia of Islam, Second Edition"
19,45,lings,"• “Kabd” Encyclopedia of Islam, Second Edition"
20,1,lings,"And when he reached it, he was called: O Moses! [BC]"
20,2,lings,Verily I am thy Lord. So take off thy two sandals. Verily thou art in the holy Valley of Tuwa. [BC]
20,3,lings,…perform the prayer in remembrance of Me. [SS]
20,4,lings,Make easy my task. [SS]
20,5,lings,Untie my tongue. [SS]
20,6,lings,Let one share my burden. [SS]
20,7,lings,I have fashioned thee as a work of art for Myself. [QACI] [RS] [SQCI]
20,8,lings,"On that day no intercession availeth save his whom the All-Merciful permitteth to speak, with whose words He is well pleased. [SS]"
20,9,lings,The day when faces are all humbled before the eternal Living.... [SS]
20,10,lings,"…and hasten not with the Qur’an until its revelation hath been perfected unto thee and say: Lord, increase me in knowledge. [SS]"
20,11,lings,Then Satan whispered unto him and said: ‘O Adam shall I show thee the Tree of Immortality and a kingdom that fadeth not away?’ [BC] [SA]
20,12,lings,Sources Used
20,13,lings,• Unpublished Material (1938-2005) [UM]
20,14,lings,BOOKS
20,15,lings,• The Book of Certainty (1952) [BC]
20,16,lings,• A Sufi Saint of the Twentieth Century (1961) [SS]
20,17,lings,• What is Sufism (1975) [WS]
20,18,lings,• The Quranic Art of Calligraphy and Illumination (1976) [QACI]
20,19,lings,• Muhammad (1983) [M]
20,20,lings,• Symbol and Archetype (1991) [SA]
20,21,lings,• Sufi Poems (2004) [SP]
20,22,lings,• Mecca (2004) [Mec.]
20,23,lings,• Return to the Spirit (2005) [RS]
20,24,lings,• Splendours of Qur’an Calligraphy and Illumination (2005) [SQCI]
20,25,lings,ARTICLES
20,26,lings,• “Proofs of Islam”(1954). Islamic Cultural Centre. [PI]
20,27,lings,"• “The Islamic and Christian Conceptions of the March of Time” (1954) The Islamic Quarterly, Vol.1 No.4. [ICCT]"
20,28,lings,"• “The Origins of Sufism (1956) The Islamic Quarterly, Vol.III No.1 [OS]"
20,29,lings,• “Sufism”: Religion in the Middle East (1969); ed.A.J. Arberry [S]
20,30,lings,• “Sufi Answers to Questions On Ultimate Reality”: Studies in Comparative Religions 1979 Summer/Autumn [SCR-SA]
20,31,lings,• “The Nature and Origin of Sufism”: Islamic Spirituality (1985) [NOS]
20,32,lings,"• “Mystical Poetry”: The Cambridge History of Arabic Literature, Vol.2 (1990) [MP]"
20,33,lings,LECTURES
20,34,lings,• “The Quranic Doctrine of the Afterlife” [L-QD]
20,35,lings,• “The Quranic Origins of Sufism” [L-QOS]
20,36,lings,• “Human Origins and Destinies According to the Great Religions of the World” [L-HOD]
20,37,lings,• “Metaphysics and the Perennial Philosophy” [L-MPP]
20,38,lings,• “An Introduction to Islam” [L-II]
20,39,lings,• “The Universality of the Quran” [L-UQ]
20,40,lings,• Private Talks [L-PT]
20,41,lings,Books without Quranic Ayaat
20,42,lings,• Collected Poems
20,43,lings,• Ancient Beliefs and Modern Superstitions
20,44,lings,• The Eleventh Hour
20,45,lings,• The Secret of Shakespeare
20,46,lings,Articles without Quranic Ayaat
20,47,lings,• “Signs of the Times”: Studies in Comparative Religions 1970 Winter
20,48,lings,"• “Ibn Aliwah” Encyclopedia of Islam, Second Edition"
20,49,lings,"• “Kabd” Encyclopedia of Islam, Second Edition"
21,1,lings,Not in play did We create the heaven and the earth and all that is between them. [M]
21,2,lings,"He is not questioned as to what He doth, but they are questioned. [SS]"
21,3,lings,"Have not the infidels seen that the Heavens and the earth were of one piece? Then We rifted them asunder, and from the water We made every living thing.... [BC]"
21,4,lings,…We try you both with evil and with good.... [SS]
21,5,lings,"And remember David and Solomon when they gave judgement concerning the field wherein the people’s sheep had grazed by night, and We were witness unto their judgement. [UM]"
21,6,lings,"And We gave Solomon understanding of the case, and unto each gave We judgement authoritative and lore.... [UM]"
21,7,lings,…A sign for the worlds. [SA]
21,8,lings,The day when we shall roll up the heavens as at the rolling up of a written scroll.... [BC] [RS]
21,9,lings,…like the folding of a written scroll…. [SS]
21,10,lings,On the day when We shall roll up the heavens as the rolling up of a written scroll.... [L-QD]
21,11,lings,We sent thee not save as a mercy for the worlds. [M]
21,12,lings,Sources Used
21,13,lings,• Unpublished Material (1938-2005) [UM]
21,14,lings,BOOKS
21,15,lings,• The Book of Certainty (1952) [BC]
21,16,lings,• A Sufi Saint of the Twentieth Century (1961) [SS]
21,17,lings,• What is Sufism (1975) [WS]
21,18,lings,• The Quranic Art of Calligraphy and Illumination (1976) [QACI]
21,19,lings,• Muhammad (1983) [M]
21,20,lings,• Symbol and Archetype (1991) [SA]
21,21,lings,• Sufi Poems (2004) [SP]
21,22,lings,• Mecca (2004) [Mec.]
21,23,lings,• Return to the Spirit (2005) [RS]
21,24,lings,• Splendours of Qur’an Calligraphy and Illumination (2005) [SQCI]
21,25,lings,ARTICLES
21,26,lings,• “Proofs of Islam”(1954). Islamic Cultural Centre. [PI]
21,27,lings,"• “The Islamic and Christian Conceptions of the March of Time” (1954) The Islamic Quarterly, Vol.1 No.4. [ICCT]"
21,28,lings,"• “The Origins of Sufism (1956) The Islamic Quarterly, Vol.III No.1 [OS]"
21,29,lings,• “Sufism”: Religion in the Middle East (1969); ed.A.J. Arberry [S]
21,30,lings,• “Sufi Answers to Questions On Ultimate Reality”: Studies in Comparative Religions 1979 Summer/Autumn [SCR-SA]
21,31,lings,• “The Nature and Origin of Sufism”: Islamic Spirituality (1985) [NOS]
21,32,lings,"• “Mystical Poetry”: The Cambridge History of Arabic Literature, Vol.2 (1990) [MP]"
21,33,lings,LECTURES
21,34,lings,• “The Quranic Doctrine of the Afterlife” [L-QD]
21,35,lings,• “The Quranic Origins of Sufism” [L-QOS]
21,36,lings,• “Human Origins and Destinies According to the Great Religions of the World” [L-HOD]
21,37,lings,• “Metaphysics and the Perennial Philosophy” [L-MPP]
21,38,lings,• “An Introduction to Islam” [L-II]
21,39,lings,• “The Universality of the Quran” [L-UQ]
21,40,lings,• Private Talks [L-PT]
21,41,lings,Books without Quranic Ayaat
21,42,lings,• Collected Poems
21,43,lings,• Ancient Beliefs and Modern Superstitions
21,44,lings,• The Eleventh Hour
21,45,lings,• The Secret of Shakespeare
21,46,lings,Articles without Quranic Ayaat
21,47,lings,• “Signs of the Times”: Studies in Comparative Religions 1970 Winter
21,48,lings,"• “Ibn Aliwah” Encyclopedia of Islam, Second Edition"
21,49,lings,"• “Kabd” Encyclopedia of Islam, Second Edition"
22,1,lings,…purify My House for those who go the rounds of it and who stand beside it and bow and make prostration. [M]
22,2,lings,"And proclaim unto men the pilgrimage, that they may come unto thee on foot and on every lean camel out of every deep ravine. [M] [Mec.]"
22,3,lings,Permission to fight is given unto those who fight because they have been wronged; and God is Able to give them victory. [M]
22,4,lings,"Those who have been driven from their homes unjustly, for no cause other than for their saying: Our Lord is God.... [M]"
22,5,lings,…it is not the eyes that are blind but the hearts…. [WS]
22,6,lings,"…not blind are the eyes, but blind are the hearts within the breasts. [M]"
22,7,lings,"…for verily it is not the sight that is blind, but the hearts that are blind. [SA]"
22,8,lings,"…it is not the eyes that are blind, but blind are the hearts that are in the breasts. [L-QOS]"
22,9,lings,"…it is not the eye-sights which are blind, it is the hearts in the breasts which are blind. [L-MPP]"
22,10,lings,…verily a day in the sight of thy Lord is as a thousand years of what ye count. [M]
22,11,lings,They esteem not God as He hath the right to be esteemed.... [NOS]
22,12,lings,They have not rated God at His true worth.... [L-PT]
22,13,lings,Sources Used
22,14,lings,• Unpublished Material (1938-2005) [UM]
22,15,lings,BOOKS
22,16,lings,• The Book of Certainty (1952) [BC]
22,17,lings,• A Sufi Saint of the Twentieth Century (1961) [SS]
22,18,lings,• What is Sufism (1975) [WS]
22,19,lings,• The Quranic Art of Calligraphy and Illumination (1976) [QACI]
22,20,lings,• Muhammad (1983) [M]
22,21,lings,• Symbol and Archetype (1991) [SA]
22,22,lings,• Sufi Poems (2004) [SP]
22,23,lings,• Mecca (2004) [Mec.]
22,24,lings,• Return to the Spirit (2005) [RS]
22,25,lings,• Splendours of Qur’an Calligraphy and Illumination (2005) [SQCI]
22,26,lings,ARTICLES
22,27,lings,• “Proofs of Islam”(1954). Islamic Cultural Centre. [PI]
22,28,lings,"• “The Islamic and Christian Conceptions of the March of Time” (1954) The Islamic Quarterly, Vol.1 No.4. [ICCT]"
22,29,lings,"• “The Origins of Sufism (1956) The Islamic Quarterly, Vol.III No.1 [OS]"
22,30,lings,• “Sufism”: Religion in the Middle East (1969); ed.A.J. Arberry [S]
22,31,lings,• “Sufi Answers to Questions On Ultimate Reality”: Studies in Comparative Religions 1979 Summer/Autumn [SCR-SA]
22,32,lings,• “The Nature and Origin of Sufism”: Islamic Spirituality (1985) [NOS]
22,33,lings,"• “Mystical Poetry”: The Cambridge History of Arabic Literature, Vol.2 (1990) [MP]"
22,34,lings,LECTURES
22,35,lings,• “The Quranic Doctrine of the Afterlife” [L-QD]
22,36,lings,• “The Quranic Origins of Sufism” [L-QOS]
22,37,lings,• “Human Origins and Destinies According to the Great Religions of the World” [L-HOD]
22,38,lings,• “Metaphysics and the Perennial Philosophy” [L-MPP]
22,39,lings,• “An Introduction to Islam” [L-II]
22,40,lings,• “The Universality of the Quran” [L-UQ]
22,41,lings,• Private Talks [L-PT]
22,42,lings,Books without Quranic Ayaat
22,43,lings,• Collected Poems
22,44,lings,• Ancient Beliefs and Modern Superstitions
22,45,lings,• The Eleventh Hour
22,46,lings,• The Secret of Shakespeare
22,47,lings,Articles without Quranic Ayaat
22,48,lings,• “Signs of the Times”: Studies in Comparative Religions 1970 Winter
22,49,lings,"• “Ibn Aliwah” Encyclopedia of Islam, Second Edition"
22,50,lings,"• “Kabd” Encyclopedia of Islam, Second Edition"
23,1,lings,Deem ye that We did but create you in vain and that ye shall not be brought back unto Us. [M]
23,2,lings,Sources Used
23,3,lings,• Unpublished Material (1938-2005) [UM]
23,4,lings,BOOKS
23,5,lings,• The Book of Certainty (1952) [BC]
23,6,lings,• A Sufi Saint of the Twentieth Century (1961) [SS]
23,7,lings,• What is Sufism (1975) [WS]
23,8,lings,• The Quranic Art of Calligraphy and Illumination (1976) [QACI]
23,9,lings,• Muhammad (1983) [M]
23,10,lings,• Symbol and Archetype (1991) [SA]
23,11,lings,• Sufi Poems (2004) [SP]
23,12,lings,• Mecca (2004) [Mec.]
23,13,lings,• Return to the Spirit (2005) [RS]
23,14,lings,• Splendours of Qur’an Calligraphy and Illumination (2005) [SQCI]
23,15,lings,ARTICLES
23,16,lings,• “Proofs of Islam”(1954). Islamic Cultural Centre. [PI]
23,17,lings,"• “The Islamic and Christian Conceptions of the March of Time” (1954) The Islamic Quarterly, Vol.1 No.4. [ICCT]"
23,18,lings,"• “The Origins of Sufism (1956) The Islamic Quarterly, Vol.III No.1 [OS]"
23,19,lings,• “Sufism”: Religion in the Middle East (1969); ed.A.J. Arberry [S]
23,20,lings,• “Sufi Answers to Questions On Ultimate Reality”: Studies in Comparative Religions 1979 Summer/Autumn [SCR-SA]
23,21,lings,• “The Nature and Origin of Sufism”: Islamic Spirituality (1985) [NOS]
23,22,lings,"• “Mystical Poetry”: The Cambridge History of Arabic Literature, Vol.2 (1990) [MP]"
23,23,lings,LECTURES
23,24,lings,• “The Quranic Doctrine of the Afterlife” [L-QD]
23,25,lings,• “The Quranic Origins of Sufism” [L-QOS]
23,26,lings,• “Human Origins and Destinies According to the Great Religions of the World” [L-HOD]
23,27,lings,• “Metaphysics and the Perennial Philosophy” [L-MPP]
23,28,lings,• “An Introduction to Islam” [L-II]
23,29,lings,• “The Universality of the Quran” [L-UQ]
23,30,lings,• Private Talks [L-PT]
23,31,lings,Books without Quranic Ayaat
23,32,lings,• Collected Poems
23,33,lings,• Ancient Beliefs and Modern Superstitions
23,34,lings,• The Eleventh Hour
23,35,lings,• The Secret of Shakespeare
23,36,lings,Articles without Quranic Ayaat
23,37,lings,• “Signs of the Times”: Studies in Comparative Religions 1970 Winter
23,38,lings,"• “Ibn Aliwah” Encyclopedia of Islam, Second Edition"
23,39,lings,"• “Kabd” Encyclopedia of Islam, Second Edition"
24,1,lings,Verily they who brought forth the lie are a party amongst you.... [M]
24,2,lings,"When ye took it upon your tongues, uttering with your mouths that whereof ye had no knowledge, ye counted it but a trifle. Yet in the sight of God it is enormous. [M]"
24,3,lings,Why said ye not when ye heard it: To speak of this is not for us. Glory be to Thee! This is a monstrous calumny. [M]
24,4,lings,"God biddeth you beware of ever repeating the like thereof, if ye are believers. [M]"
24,5,lings,"Let not the men of dignity and wealth amongst you swear that they will not give unto kinsmen and unto the needy and unto those who have migrated for the sake of God. Let them forgive and let them be indulgent. Do you not long that God should forgive you? And God is Forgiving, Merciful. [M]"
24,6,lings,..God leadeth to His light whom He will.... [OS]
24,7,lings,"God is the Light of the Heavens and the earth. The symbol of His light is as a tabernacle wherein is a lamp. The lamp is in glass. The glass is as it were a gleaming planet. The lamp is kindled from a blessed tree, an olive that is neither of the East nor of the West, whose oil well nigh blazeth in splendour even though the fire hath not yet touched it. Light upon light! God leadeth to His light whom he will, and God citeth symbols for men, and God of all things hath Knowledge. [BC]"
24,8,lings,"God is the Light of the Heavens and the earth. His light (on earth) is like a niche wherein is a lamp. The lamp is of glass; the glass is like a shining planet. It is lit from a sacred olive tree that is neither of the East nor of the West, the oil whereof well nigh blazeth though the fire have not touched it - Light upon Light! God leadeth to His light whom he will, and God citeth symbols for men, and God is the Knower of all things. [SS]"
24,9,lings,…a sacred olive tree that is neither of the East nor of the West; its oil well-nigh blazeth in splendour though the fire hath not touched it.... [QACI] [SQCI]
24,10,lings,"God is the Light of the Heavens and the earth. His light is as a niche wherein is a lamp. The lamp is in a glass; the glass is as it were a shining planet. It is kindled from a blessed tree, an olive neither of the east nor of the west. The oil thereof well nigh blazeth in splendour even though the fire have not touched it. Light upon light. God guideth to His light whom he will, and God citeth symbols for men, and God is of all things the Knower. [M] [SA]"
24,11,lings,Men whom neither bartering nor selling diverteth from the remembrance of God.... [SS]
24,12,lings,"…as a mirage in the desert that the thirsty man taketh to be water until he cometh unto it and findeth it to be nothing, and where he thought it to be, there findeth he God.... [SS]"
24,13,lings,…a mirage in the desert which the thirsty man reckoneth to be water.... [SA]
24,14,lings,Of God is the Sovereignty over the heavens and the earth; and unto God is the ultimate becoming. [RS]
24,15,lings,Sources Used
24,16,lings,• Unpublished Material (1938-2005) [UM]
24,17,lings,BOOKS
24,18,lings,• The Book of Certainty (1952) [BC]
24,19,lings,• A Sufi Saint of the Twentieth Century (1961) [SS]
24,20,lings,• What is Sufism (1975) [WS]
24,21,lings,• The Quranic Art of Calligraphy and Illumination (1976) [QACI]
24,22,lings,• Muhammad (1983) [M]
24,23,lings,• Symbol and Archetype (1991) [SA]
24,24,lings,• Sufi Poems (2004) [SP]
24,25,lings,• Mecca (2004) [Mec.]
24,26,lings,• Return to the Spirit (2005) [RS]
24,27,lings,• Splendours of Qur’an Calligraphy and Illumination (2005) [SQCI]
24,28,lings,ARTICLES
24,29,lings,• “Proofs of Islam”(1954). Islamic Cultural Centre. [PI]
24,30,lings,"• “The Islamic and Christian Conceptions of the March of Time” (1954) The Islamic Quarterly, Vol.1 No.4. [ICCT]"
24,31,lings,"• “The Origins of Sufism (1956) The Islamic Quarterly, Vol.III No.1 [OS]"
24,32,lings,• “Sufism”: Religion in the Middle East (1969); ed.A.J. Arberry [S]
24,33,lings,• “Sufi Answers to Questions On Ultimate Reality”: Studies in Comparative Religions 1979 Summer/Autumn [SCR-SA]
24,34,lings,• “The Nature and Origin of Sufism”: Islamic Spirituality (1985) [NOS]
24,35,lings,"• “Mystical Poetry”: The Cambridge History of Arabic Literature, Vol.2 (1990) [MP]"
24,36,lings,LECTURES
24,37,lings,• “The Quranic Doctrine of the Afterlife” [L-QD]
24,38,lings,• “The Quranic Origins of Sufism” [L-QOS]
24,39,lings,• “Human Origins and Destinies According to the Great Religions of the World” [L-HOD]
24,40,lings,• “Metaphysics and the Perennial Philosophy” [L-MPP]
24,41,lings,• “An Introduction to Islam” [L-II]
24,42,lings,• “The Universality of the Quran” [L-UQ]
24,43,lings,• Private Talks [L-PT]
24,44,lings,Books without Quranic Ayaat
24,45,lings,• Collected Poems
24,46,lings,• Ancient Beliefs and Modern Superstitions
24,47,lings,• The Eleventh Hour
24,48,lings,• The Secret of Shakespeare
24,49,lings,Articles without Quranic Ayaat
24,50,lings,• “Signs of the Times”: Studies in Comparative Religions 1970 Winter
24,51,lings,"• “Ibn Aliwah” Encyclopedia of Islam, Second Edition"
24,52,lings,"• “Kabd” Encyclopedia of Islam, Second Edition"
25,1,lings,"Blessed be He Who hath made the distinct revelation unto His servant, that he might be for all the worlds a warner. [BC]"
25,2,lings,…the Garden of Immortality which is promised to the pious.... [M]
25,3,lings,"For them therein is that which they desire, for ever and ever- a promise that thy Lord hath bound Himself to fulfil. [M]"
25,4,lings,"They who place not their hopes in meeting Us say: Why are the angels not sent down unto us? Or why see we not our Lord? Verily they are proud with pride in themselves, and arrogant with a great arrogance. [M]"
25,5,lings,"The day they behold the angels, on that day there will be no good tidings for the evil-doers, and they will say: A barrier that bars! [M]"
25,6,lings,…and We have sent down from Heaven pure water. [BC]
25,7,lings,"That thereof We may quicken a dead land, and that thereof We may give drink to Our creatures to cattle and men in plenty. [BC]"
25,8,lings,And verily We have given of it freely unto them that they might remember.... [BC]
25,9,lings,"And He it is Who hath let loose the two seas, one sweet and fresh, the other salt and bitter, and hath set between them an isthmus, an impassable barrier. [BC]"
25,10,lings,…the sweet fresh water sea…the brackish salt sea…. [WS]
25,11,lings,"…one sweet and fresh, the other salt and bitter…. [SA]"
25,12,lings,"…one sweet and fresh, the other salted and bitter…. [L-HOD]"
25,13,lings,And He it is Who from water hath created man.... [BC]
25,14,lings,"Blessed is He who hath placed in the heavens the constellations of the zodiac, and hath placed therein a lamp and a light-giving moon. [M]"
25,15,lings,"And He it is who hath made the night and the day to succeed one the other, as a sign for him who would reflect or give thanks. [M]"
25,16,lings,"…God will change their evils into goods, and God is All-Forgiving, All-Merciful. [SA]"
25,17,lings,Sources Used
25,18,lings,• Unpublished Material (1938-2005) [UM]
25,19,lings,BOOKS
25,20,lings,• The Book of Certainty (1952) [BC]
25,21,lings,• A Sufi Saint of the Twentieth Century (1961) [SS]
25,22,lings,• What is Sufism (1975) [WS]
25,23,lings,• The Quranic Art of Calligraphy and Illumination (1976) [QACI]
25,24,lings,• Muhammad (1983) [M]
25,25,lings,• Symbol and Archetype (1991) [SA]
25,26,lings,• Sufi Poems (2004) [SP]
25,27,lings,• Mecca (2004) [Mec.]
25,28,lings,• Return to the Spirit (2005) [RS]
25,29,lings,• Splendours of Qur’an Calligraphy and Illumination (2005) [SQCI]
25,30,lings,ARTICLES
25,31,lings,• “Proofs of Islam”(1954). Islamic Cultural Centre. [PI]
25,32,lings,"• “The Islamic and Christian Conceptions of the March of Time” (1954) The Islamic Quarterly, Vol.1 No.4. [ICCT]"
25,33,lings,"• “The Origins of Sufism (1956) The Islamic Quarterly, Vol.III No.1 [OS]"
25,34,lings,• “Sufism”: Religion in the Middle East (1969); ed.A.J. Arberry [S]
25,35,lings,• “Sufi Answers to Questions On Ultimate Reality”: Studies in Comparative Religions 1979 Summer/Autumn [SCR-SA]
25,36,lings,• “The Nature and Origin of Sufism”: Islamic Spirituality (1985) [NOS]
25,37,lings,"• “Mystical Poetry”: The Cambridge History of Arabic Literature, Vol.2 (1990) [MP]"
25,38,lings,LECTURES
25,39,lings,• “The Quranic Doctrine of the Afterlife” [L-QD]
25,40,lings,• “The Quranic Origins of Sufism” [L-QOS]
25,41,lings,• “Human Origins and Destinies According to the Great Religions of the World” [L-HOD]
25,42,lings,• “Metaphysics and the Perennial Philosophy” [L-MPP]
25,43,lings,• “An Introduction to Islam” [L-II]
25,44,lings,• “The Universality of the Quran” [L-UQ]
25,45,lings,• Private Talks [L-PT]
25,46,lings,Books without Quranic Ayaat
25,47,lings,• Collected Poems
25,48,lings,• Ancient Beliefs and Modern Superstitions
25,49,lings,• The Eleventh Hour
25,50,lings,• The Secret of Shakespeare
25,51,lings,Articles without Quranic Ayaat
25,52,lings,• “Signs of the Times”: Studies in Comparative Religions 1970 Winter
25,53,lings,"• “Ibn Aliwah” Encyclopedia of Islam, Second Edition"
25,54,lings,"• “Kabd” Encyclopedia of Islam, Second Edition"
26,1,lings,Verily it is a revelation from the Lord of the Worlds. [SQCI]
26,2,lings,Which the faithful Spirit hath brought down. [SQCI]
26,3,lings,Upon thy heart for thee to be a warner. [SQCI]
26,4,lings,Warn thy family who are thy nearest of kin. [M]
26,5,lings,Lower thy wing unto those that follow thee.... [WS]
26,6,lings,Sources Used
26,7,lings,• Unpublished Material (1938-2005) [UM]
26,8,lings,BOOKS
26,9,lings,• The Book of Certainty (1952) [BC]
26,10,lings,• A Sufi Saint of the Twentieth Century (1961) [SS]
26,11,lings,• What is Sufism (1975) [WS]
26,12,lings,• The Quranic Art of Calligraphy and Illumination (1976) [QACI]
26,13,lings,• Muhammad (1983) [M]
26,14,lings,• Symbol and Archetype (1991) [SA]
26,15,lings,• Sufi Poems (2004) [SP]
26,16,lings,• Mecca (2004) [Mec.]
26,17,lings,• Return to the Spirit (2005) [RS]
26,18,lings,• Splendours of Qur’an Calligraphy and Illumination (2005) [SQCI]
26,19,lings,ARTICLES
26,20,lings,• “Proofs of Islam”(1954). Islamic Cultural Centre. [PI]
26,21,lings,"• “The Islamic and Christian Conceptions of the March of Time” (1954) The Islamic Quarterly, Vol.1 No.4. [ICCT]"
26,22,lings,"• “The Origins of Sufism (1956) The Islamic Quarterly, Vol.III No.1 [OS]"
26,23,lings,• “Sufism”: Religion in the Middle East (1969); ed.A.J. Arberry [S]
26,24,lings,• “Sufi Answers to Questions On Ultimate Reality”: Studies in Comparative Religions 1979 Summer/Autumn [SCR-SA]
26,25,lings,• “The Nature and Origin of Sufism”: Islamic Spirituality (1985) [NOS]
26,26,lings,"• “Mystical Poetry”: The Cambridge History of Arabic Literature, Vol.2 (1990) [MP]"
26,27,lings,LECTURES
26,28,lings,• “The Quranic Doctrine of the Afterlife” [L-QD]
26,29,lings,• “The Quranic Origins of Sufism” [L-QOS]
26,30,lings,• “Human Origins and Destinies According to the Great Religions of the World” [L-HOD]
26,31,lings,• “Metaphysics and the Perennial Philosophy” [L-MPP]
26,32,lings,• “An Introduction to Islam” [L-II]
26,33,lings,• “The Universality of the Quran” [L-UQ]
26,34,lings,• Private Talks [L-PT]
26,35,lings,Books without Quranic Ayaat
26,36,lings,• Collected Poems
26,37,lings,• Ancient Beliefs and Modern Superstitions
26,38,lings,• The Eleventh Hour
26,39,lings,• The Secret of Shakespeare
26,40,lings,Articles without Quranic Ayaat
26,41,lings,• “Signs of the Times”: Studies in Comparative Religions 1970 Winter
26,42,lings,"• “Ibn Aliwah” Encyclopedia of Islam, Second Edition"
26,43,lings,"• “Kabd” Encyclopedia of Islam, Second Edition"
27,1,lings,Moses said to his household: Verily beyond all doubt I have seen a fire. I will bring you tidings of it or I will bring you a flaming brand that ye may warm yourselves. [BC]
27,2,lings,"Then when he reached it he was called: Blessed is He who is in the fire and He who is about it, and Glory be to God the Lord of the worlds. [BC]"
27,3,lings,"She said: Ye lords, there hath been cast down before me a noble letter. [UM]"
27,4,lings,"It is from Solomon, and it is in the Name of God, the All-Merciful the Meed-Giver of Mercy. [UM]"
27,5,lings,"He (Solomon) said: Ye Lords, which of you will bring me her throne ere they come unto me in surrender. [UM]"
27,6,lings,Which of you will bring me her throne before they come unto me in surrender. [SA]
27,7,lings,"Said a demon from among the jinn: I will bring it thee ere thou canst rise from thy seat, for verily even such is my strength, such my trustiness. [UM]"
27,8,lings,"Said he that had lore from the scriptures: I will bring it thee ere thy glance can return unto thee. And Solomon, seeing it firm-set in his presence said: this is of the Favour of my Lord....[UM]"
27,9,lings,"He (Solomon) said: Disguise for her her throne, that we may see if she will be guided or if she be of those that receive not guidance. [UM]"
27,10,lings,"Disguise her throne for her; we shall see if she is on the right path, or if she is of those who are not rightly guided. [SA]"
27,11,lings,"Then when she came was it said unto her: Is thy throne such as this? She said: It is as if it were indeed my throne. And (Solomon pondered in his heart): The lore unto us was given ere it was given unto her, and before God our surrender had we made. [UM]"
27,12,lings,And when she came it was said unto her: Is thy throne like unto this? She said: It is as if it were it. And (Solomon reflected) we had been given the knowledge before her and had surrendered unto God. [SA]
27,13,lings,And that which she had been wont to worship in the place of God was as a stumbling block before her. Verily she came of an infidel folk. [UM]
27,14,lings,And she was barred from it by what she was wont to worship apart from God. Verily she was from a disbelieving people. [SA]
27,15,lings,"It was said unto her: Enter the palace. And when she saw it she thought it a deep of water, and she bared her legs. He said: A palace is it indeed, made smooth, of glass. She said: My Lord, verily I have wronged myself, and with Solomon do I surrender unto God, the Lord of the worlds. [UM]"
27,16,lings,"She was told: Enter the courtyard; and when she saw it she reckoned it to be a pool of water and bared her legs. He said: It is a courtyard made smooth with glass. She said: O my Lord, verily I have done wrong unto my soul, and I surrender with Solomon unto God, the Lord of the Worlds. [SA]"
27,17,lings,Sources Used
27,18,lings,• Unpublished Material (1938-2005) [UM]
27,19,lings,BOOKS
27,20,lings,• The Book of Certainty (1952) [BC]
27,21,lings,• A Sufi Saint of the Twentieth Century (1961) [SS]
27,22,lings,• What is Sufism (1975) [WS]
27,23,lings,• The Quranic Art of Calligraphy and Illumination (1976) [QACI]
27,24,lings,• Muhammad (1983) [M]
27,25,lings,• Symbol and Archetype (1991) [SA]
27,26,lings,• Sufi Poems (2004) [SP]
27,27,lings,• Mecca (2004) [Mec.]
27,28,lings,• Return to the Spirit (2005) [RS]
27,29,lings,• Splendours of Qur’an Calligraphy and Illumination (2005) [SQCI]
27,30,lings,ARTICLES
27,31,lings,• “Proofs of Islam”(1954). Islamic Cultural Centre. [PI]
27,32,lings,"• “The Islamic and Christian Conceptions of the March of Time” (1954) The Islamic Quarterly, Vol.1 No.4. [ICCT]"
27,33,lings,"• “The Origins of Sufism (1956) The Islamic Quarterly, Vol.III No.1 [OS]"
27,34,lings,• “Sufism”: Religion in the Middle East (1969); ed.A.J. Arberry [S]
27,35,lings,• “Sufi Answers to Questions On Ultimate Reality”: Studies in Comparative Religions 1979 Summer/Autumn [SCR-SA]
27,36,lings,• “The Nature and Origin of Sufism”: Islamic Spirituality (1985) [NOS]
27,37,lings,"• “Mystical Poetry”: The Cambridge History of Arabic Literature, Vol.2 (1990) [MP]"
27,38,lings,LECTURES
27,39,lings,• “The Quranic Doctrine of the Afterlife” [L-QD]
27,40,lings,• “The Quranic Origins of Sufism” [L-QOS]
27,41,lings,• “Human Origins and Destinies According to the Great Religions of the World” [L-HOD]
27,42,lings,• “Metaphysics and the Perennial Philosophy” [L-MPP]
27,43,lings,• “An Introduction to Islam” [L-II]
27,44,lings,• “The Universality of the Quran” [L-UQ]
27,45,lings,• Private Talks [L-PT]
27,46,lings,Books without Quranic Ayaat
27,47,lings,• Collected Poems
27,48,lings,• Ancient Beliefs and Modern Superstitions
27,49,lings,• The Eleventh Hour
27,50,lings,• The Secret of Shakespeare
27,51,lings,Articles without Quranic Ayaat
27,52,lings,• “Signs of the Times”: Studies in Comparative Religions 1970 Winter
27,53,lings,"• “Ibn Aliwah” Encyclopedia of Islam, Second Edition"
27,54,lings,"• “Kabd” Encyclopedia of Islam, Second Edition"
28,1,lings,"Verily thou guidest not whom thou lovest, but God guideth whom He will.... [M]"
28,2,lings,"God createth what He will, according to His Choice.... [SS]"
28,3,lings,"Say: Have ye thought if God made night everlasting upon you till the Day of the Resurrection, who is a god beside God to bring you light? Will ye then not hear? [M]"
28,4,lings,"Say: Have ye thought, if God made day everlasting upon you till the Day of the Resurrection, who is a god beside God to bring you a night wherein to rest? Will ye not then see? [M]"
28,5,lings,"And of his mercy hath he made for you night and day, that therein ye may rest and that ye may go seek His favours, and that ye may be thankful. [M]"
28,6,lings,Verily He who hath made binding upon thee the Koran will bring thee home once more.... [M]
28,7,lings,…there is no God but He: all things are perishable but His Face.... [OS]
28,8,lings,…everything perisheth but His Face.... [SS] [WS]
28,9,lings,…all things perish but His Face.... [S]
28,10,lings,"…there is no god save Him. Everything will perish save His Face. His is the command, and unto Him ye will be brought back. [NOS]"
28,11,lings,Sources Used
28,12,lings,• Unpublished Material (1938-2005) [UM]
28,13,lings,BOOKS
28,14,lings,• The Book of Certainty (1952) [BC]
28,15,lings,• A Sufi Saint of the Twentieth Century (1961) [SS]
28,16,lings,• What is Sufism (1975) [WS]
28,17,lings,• The Quranic Art of Calligraphy and Illumination (1976) [QACI]
28,18,lings,• Muhammad (1983) [M]
28,19,lings,• Symbol and Archetype (1991) [SA]
28,20,lings,• Sufi Poems (2004) [SP]
28,21,lings,• Mecca (2004) [Mec.]
28,22,lings,• Return to the Spirit (2005) [RS]
28,23,lings,• Splendours of Qur’an Calligraphy and Illumination (2005) [SQCI]
28,24,lings,ARTICLES
28,25,lings,• “Proofs of Islam”(1954). Islamic Cultural Centre. [PI]
28,26,lings,"• “The Islamic and Christian Conceptions of the March of Time” (1954) The Islamic Quarterly, Vol.1 No.4. [ICCT]"
28,27,lings,"• “The Origins of Sufism (1956) The Islamic Quarterly, Vol.III No.1 [OS]"
28,28,lings,• “Sufism”: Religion in the Middle East (1969); ed.A.J. Arberry [S]
28,29,lings,• “Sufi Answers to Questions On Ultimate Reality”: Studies in Comparative Religions 1979 Summer/Autumn [SCR-SA]
28,30,lings,• “The Nature and Origin of Sufism”: Islamic Spirituality (1985) [NOS]
28,31,lings,"• “Mystical Poetry”: The Cambridge History of Arabic Literature, Vol.2 (1990) [MP]"
28,32,lings,LECTURES
28,33,lings,• “The Quranic Doctrine of the Afterlife” [L-QD]
28,34,lings,• “The Quranic Origins of Sufism” [L-QOS]
28,35,lings,• “Human Origins and Destinies According to the Great Religions of the World” [L-HOD]
28,36,lings,• “Metaphysics and the Perennial Philosophy” [L-MPP]
28,37,lings,• “An Introduction to Islam” [L-II]
28,38,lings,• “The Universality of the Quran” [L-UQ]
28,39,lings,• Private Talks [L-PT]
28,40,lings,Books without Quranic Ayaat
28,41,lings,• Collected Poems
28,42,lings,• Ancient Beliefs and Modern Superstitions
28,43,lings,• The Eleventh Hour
28,44,lings,• The Secret of Shakespeare
28,45,lings,Articles without Quranic Ayaat
28,46,lings,• “Signs of the Times”: Studies in Comparative Religions 1970 Winter
28,47,lings,"• “Ibn Aliwah” Encyclopedia of Islam, Second Edition"
28,48,lings,"• “Kabd” Encyclopedia of Islam, Second Edition"
29,1,lings,…none understandeth it save the wise. [SS]
29,2,lings,…and verily the remembrance is of all things the most great.... [UM]
29,3,lings,…and certainly the invocation of God is the greatest thing.... [UM]
29,4,lings,…and verily the remembrance of Allah is greater (or infinitely great).... [UM]
29,5,lings,…the remembrance of God is greater.... [WS]
29,6,lings,…verily the ritual prayer preserveth from iniquity and abomination; but the remembrance of God is greater.... [M]
29,7,lings,…the invocation of Allah is greater.... [L-QOS]
29,8,lings,"This lower life is but a diversion and a game; and verily the abode of the Hereafter, that, that is Life, did they but know. [M]"
29,9,lings,"This lower life is naught but a pastime and a game; and verily the abode of the Hereafter, that, that is Life, did they but know. [RS] [L-QD]"
29,10,lings,"…verily the abode of the Hereafter, that, that is Life, did they but know. [SA]"
29,11,lings,"…surely, the Last Abode is Life, did they but know. [L-PT]"
29,12,lings,"Whoso striveth after Us, verily We shall lead them upon Our paths.... [SS]"
29,13,lings,Sources Used
29,14,lings,• Unpublished Material (1938-2005) [UM]
29,15,lings,BOOKS
29,16,lings,• The Book of Certainty (1952) [BC]
29,17,lings,• A Sufi Saint of the Twentieth Century (1961) [SS]
29,18,lings,• What is Sufism (1975) [WS]
29,19,lings,• The Quranic Art of Calligraphy and Illumination (1976) [QACI]
29,20,lings,• Muhammad (1983) [M]
29,21,lings,• Symbol and Archetype (1991) [SA]
29,22,lings,• Sufi Poems (2004) [SP]
29,23,lings,• Mecca (2004) [Mec.]
29,24,lings,• Return to the Spirit (2005) [RS]
29,25,lings,• Splendours of Qur’an Calligraphy and Illumination (2005) [SQCI]
29,26,lings,ARTICLES
29,27,lings,• “Proofs of Islam”(1954). Islamic Cultural Centre. [PI]
29,28,lings,"• “The Islamic and Christian Conceptions of the March of Time” (1954) The Islamic Quarterly, Vol.1 No.4. [ICCT]"
29,29,lings,"• “The Origins of Sufism (1956) The Islamic Quarterly, Vol.III No.1 [OS]"
29,30,lings,• “Sufism”: Religion in the Middle East (1969); ed.A.J. Arberry [S]
29,31,lings,• “Sufi Answers to Questions On Ultimate Reality”: Studies in Comparative Religions 1979 Summer/Autumn [SCR-SA]
29,32,lings,• “The Nature and Origin of Sufism”: Islamic Spirituality (1985) [NOS]
29,33,lings,"• “Mystical Poetry”: The Cambridge History of Arabic Literature, Vol.2 (1990) [MP]"
29,34,lings,LECTURES
29,35,lings,• “The Quranic Doctrine of the Afterlife” [L-QD]
29,36,lings,• “The Quranic Origins of Sufism” [L-QOS]
29,37,lings,• “Human Origins and Destinies According to the Great Religions of the World” [L-HOD]
29,38,lings,• “Metaphysics and the Perennial Philosophy” [L-MPP]
29,39,lings,• “An Introduction to Islam” [L-II]
29,40,lings,• “The Universality of the Quran” [L-UQ]
29,41,lings,• Private Talks [L-PT]
29,42,lings,Books without Quranic Ayaat
29,43,lings,• Collected Poems
29,44,lings,• Ancient Beliefs and Modern Superstitions
29,45,lings,• The Eleventh Hour
29,46,lings,• The Secret of Shakespeare
29,47,lings,Articles without Quranic Ayaat
29,48,lings,• “Signs of the Times”: Studies in Comparative Religions 1970 Winter
29,49,lings,"• “Ibn Aliwah” Encyclopedia of Islam, Second Edition"
29,50,lings,"• “Kabd” Encyclopedia of Islam, Second Edition"
30,1,lings,…that day the believers will rejoice. [M]
30,2,lings,They know only an outward appearance of this lower life.... [SA]
30,3,lings,…God created not the heavens and the earth and what lieth between them save from Truth and an appointed term.... [SA]
30,4,lings,"And of His signs is His creation for you of consorts from amongst yourselves, that ye may find rest in them, and His ordaining of love between you and mercy. Verily therein are signs for people who reflect. [M]"
30,5,lings,…God’s original upon which he originated mankind.... [NOS]
30,6,lings,"And turn thy face towards the religion in a pure fashion (that of a hanif, who adheres to the essential and intemporal Religion), in conformity with the primordial Nature, in which God hath created men; one must not exchange this creation (this Nature) for another. This is the immutable Religion, but most men (the profane ones) know it not”. [UM]"
30,7,lings,Sources Used
30,8,lings,• Unpublished Material (1938-2005) [UM]
30,9,lings,BOOKS
30,10,lings,• The Book of Certainty (1952) [BC]
30,11,lings,• A Sufi Saint of the Twentieth Century (1961) [SS]
30,12,lings,• What is Sufism (1975) [WS]
30,13,lings,• The Quranic Art of Calligraphy and Illumination (1976) [QACI]
30,14,lings,• Muhammad (1983) [M]
30,15,lings,• Symbol and Archetype (1991) [SA]
30,16,lings,• Sufi Poems (2004) [SP]
30,17,lings,• Mecca (2004) [Mec.]
30,18,lings,• Return to the Spirit (2005) [RS]
30,19,lings,• Splendours of Qur’an Calligraphy and Illumination (2005) [SQCI]
30,20,lings,ARTICLES
30,21,lings,• “Proofs of Islam”(1954). Islamic Cultural Centre. [PI]
30,22,lings,"• “The Islamic and Christian Conceptions of the March of Time” (1954) The Islamic Quarterly, Vol.1 No.4. [ICCT]"
30,23,lings,"• “The Origins of Sufism (1956) The Islamic Quarterly, Vol.III No.1 [OS]"
30,24,lings,• “Sufism”: Religion in the Middle East (1969); ed.A.J. Arberry [S]
30,25,lings,• “Sufi Answers to Questions On Ultimate Reality”: Studies in Comparative Religions 1979 Summer/Autumn [SCR-SA]
30,26,lings,• “The Nature and Origin of Sufism”: Islamic Spirituality (1985) [NOS]
30,27,lings,"• “Mystical Poetry”: The Cambridge History of Arabic Literature, Vol.2 (1990) [MP]"
30,28,lings,LECTURES
30,29,lings,• “The Quranic Doctrine of the Afterlife” [L-QD]
30,30,lings,• “The Quranic Origins of Sufism” [L-QOS]
30,31,lings,• “Human Origins and Destinies According to the Great Religions of the World” [L-HOD]
30,32,lings,• “Metaphysics and the Perennial Philosophy” [L-MPP]
30,33,lings,• “An Introduction to Islam” [L-II]
30,34,lings,• “The Universality of the Quran” [L-UQ]
30,35,lings,• Private Talks [L-PT]
30,36,lings,Books without Quranic Ayaat
30,37,lings,• Collected Poems
30,38,lings,• Ancient Beliefs and Modern Superstitions
30,39,lings,• The Eleventh Hour
30,40,lings,• The Secret of Shakespeare
30,41,lings,Articles without Quranic Ayaat
30,42,lings,• “Signs of the Times”: Studies in Comparative Religions 1970 Winter
30,43,lings,"• “Ibn Aliwah” Encyclopedia of Islam, Second Edition"
30,44,lings,"• “Kabd” Encyclopedia of Islam, Second Edition"
31,1,lings,…unto Me is your return.... [SS]
31,2,lings,"If all the trees in the earth were pens, and if the sea eked out by the seven seas more were ink, the Words of God could not be written out unto their end.... [QACI] [M] [SQCI]"
31,3,lings,Sources Used
31,4,lings,• Unpublished Material (1938-2005) [UM]
31,5,lings,BOOKS
31,6,lings,• The Book of Certainty (1952) [BC]
31,7,lings,• A Sufi Saint of the Twentieth Century (1961) [SS]
31,8,lings,• What is Sufism (1975) [WS]
31,9,lings,• The Quranic Art of Calligraphy and Illumination (1976) [QACI]
31,10,lings,• Muhammad (1983) [M]
31,11,lings,• Symbol and Archetype (1991) [SA]
31,12,lings,• Sufi Poems (2004) [SP]
31,13,lings,• Mecca (2004) [Mec.]
31,14,lings,• Return to the Spirit (2005) [RS]
31,15,lings,• Splendours of Qur’an Calligraphy and Illumination (2005) [SQCI]
31,16,lings,ARTICLES
31,17,lings,• “Proofs of Islam”(1954). Islamic Cultural Centre. [PI]
31,18,lings,"• “The Islamic and Christian Conceptions of the March of Time” (1954) The Islamic Quarterly, Vol.1 No.4. [ICCT]"
31,19,lings,"• “The Origins of Sufism (1956) The Islamic Quarterly, Vol.III No.1 [OS]"
31,20,lings,• “Sufism”: Religion in the Middle East (1969); ed.A.J. Arberry [S]
31,21,lings,• “Sufi Answers to Questions On Ultimate Reality”: Studies in Comparative Religions 1979 Summer/Autumn [SCR-SA]
31,22,lings,• “The Nature and Origin of Sufism”: Islamic Spirituality (1985) [NOS]
31,23,lings,"• “Mystical Poetry”: The Cambridge History of Arabic Literature, Vol.2 (1990) [MP]"
31,24,lings,LECTURES
31,25,lings,• “The Quranic Doctrine of the Afterlife” [L-QD]
31,26,lings,• “The Quranic Origins of Sufism” [L-QOS]
31,27,lings,• “Human Origins and Destinies According to the Great Religions of the World” [L-HOD]
31,28,lings,• “Metaphysics and the Perennial Philosophy” [L-MPP]
31,29,lings,• “An Introduction to Islam” [L-II]
31,30,lings,• “The Universality of the Quran” [L-UQ]
31,31,lings,• Private Talks [L-PT]
31,32,lings,Books without Quranic Ayaat
31,33,lings,• Collected Poems
31,34,lings,• Ancient Beliefs and Modern Superstitions
31,35,lings,• The Eleventh Hour
31,36,lings,• The Secret of Shakespeare
31,37,lings,Articles without Quranic Ayaat
31,38,lings,• “Signs of the Times”: Studies in Comparative Religions 1970 Winter
31,39,lings,"• “Ibn Aliwah” Encyclopedia of Islam, Second Edition"
31,40,lings,"• “Kabd” Encyclopedia of Islam, Second Edition"
32,1,lings,"Their sides shrink away form their beds, and they call upon their Lord in fear and in longing.... [OS]"
32,2,lings,Whose sides shrink away from beds.... [SS]
32,3,lings,"They turn aside from their beds to invoke their Lord in fear and longing, and of what We have given them they give. [M]"
32,4,lings,And no soul knoweth the hidden bliss that lieth in store for them as meed for that which they were wont to do. [M]
32,5,lings,No soul knoweth what is secretly stored up for them of coolness of the eyes in reward for what they were wont to do. [RS] [L-QD]
32,6,lings,Sources Used
32,7,lings,• Unpublished Material (1938-2005) [UM]
32,8,lings,BOOKS
32,9,lings,• The Book of Certainty (1952) [BC]
32,10,lings,• A Sufi Saint of the Twentieth Century (1961) [SS]
32,11,lings,• What is Sufism (1975) [WS]
32,12,lings,• The Quranic Art of Calligraphy and Illumination (1976) [QACI]
32,13,lings,• Muhammad (1983) [M]
32,14,lings,• Symbol and Archetype (1991) [SA]
32,15,lings,• Sufi Poems (2004) [SP]
32,16,lings,• Mecca (2004) [Mec.]
32,17,lings,• Return to the Spirit (2005) [RS]
32,18,lings,• Splendours of Qur’an Calligraphy and Illumination (2005) [SQCI]
32,19,lings,ARTICLES
32,20,lings,• “Proofs of Islam”(1954). Islamic Cultural Centre. [PI]
32,21,lings,"• “The Islamic and Christian Conceptions of the March of Time” (1954) The Islamic Quarterly, Vol.1 No.4. [ICCT]"
32,22,lings,"• “The Origins of Sufism (1956) The Islamic Quarterly, Vol.III No.1 [OS]"
32,23,lings,• “Sufism”: Religion in the Middle East (1969); ed.A.J. Arberry [S]
32,24,lings,• “Sufi Answers to Questions On Ultimate Reality”: Studies in Comparative Religions 1979 Summer/Autumn [SCR-SA]
32,25,lings,• “The Nature and Origin of Sufism”: Islamic Spirituality (1985) [NOS]
32,26,lings,"• “Mystical Poetry”: The Cambridge History of Arabic Literature, Vol.2 (1990) [MP]"
32,27,lings,LECTURES
32,28,lings,• “The Quranic Doctrine of the Afterlife” [L-QD]
32,29,lings,• “The Quranic Origins of Sufism” [L-QOS]
32,30,lings,• “Human Origins and Destinies According to the Great Religions of the World” [L-HOD]
32,31,lings,• “Metaphysics and the Perennial Philosophy” [L-MPP]
32,32,lings,• “An Introduction to Islam” [L-II]
32,33,lings,• “The Universality of the Quran” [L-UQ]
32,34,lings,• Private Talks [L-PT]
32,35,lings,Books without Quranic Ayaat
32,36,lings,• Collected Poems
32,37,lings,• Ancient Beliefs and Modern Superstitions
32,38,lings,• The Eleventh Hour
32,39,lings,• The Secret of Shakespeare
32,40,lings,Articles without Quranic Ayaat
32,41,lings,• “Signs of the Times”: Studies in Comparative Religions 1970 Winter
32,42,lings,"• “Ibn Aliwah” Encyclopedia of Islam, Second Edition"
32,43,lings,"• “Kabd” Encyclopedia of Islam, Second Edition"
33,1,lings,"O ye who believe, remember God’s favour unto you when hosts came at you and We sent against them a wind and hosts ye saw not.... [M]"
33,2,lings,"…when eyes could no longer look with steadiness, and when men’s hearts rose up into their throats, and ye were thinking strange thoughts about God. [M]"
33,3,lings,"There the believers were tested and tried, and their souls were quaked with a mighty quaking. [M]"
33,4,lings,Verily ye have in God’s Apostle a pattern most fair.... [UM]
33,5,lings,Ye have in God’s Messenger a fair example for whoso setteth his hopes on God and the Last Day and invoketh God much. [UM]
33,6,lings,"Indeed, in the Messenger of Allah ye have a fair example for whosoever hopes in Allah and in the Last Day and who invokes Allah much. [UM]"
33,7,lings,Verily ye have a fair pattern in God’s Apostle.... [OS]
33,8,lings,Verily ye have a fair pattern in the Messenger of God.... [SS]
33,9,lings,"Verily in the Messenger of God is a fair example for those of you that set their hopes on God and the Last Day, and remember God much. [WS]"
33,10,lings,…this is that which God and His Messenger did promise us. That which God and His Messenger foretold hath truly come to pass. And it did but increase them in faith and in submission. [M]
33,11,lings,"Of the believers are men who are true to their covenant with God. Some of them have made good their vow by death, and some are waiting, and they waver not nor change. [M]"
33,12,lings,"O Prophet, say unto thy wives: If ye desire this lower life and its adornments, then come and I will bestow its goods upon you, and I will release you with a fair release.[M]"
33,13,lings,"But if ye desire God and His messenger and the abode of the Hereafter, then verily God hath laid in store for you a meed immense, for such of you as do good. [M]"
33,14,lings,…those who remember God much.... [SS]
33,15,lings,…We have married her to thee.... [M]
33,16,lings,"Muhammad is not the father of any man amongst you, but he is the Messenger of God and the Seal of the Prophets.... [M]"
33,17,lings,"O ye who have faith, enter not the dwellings of the Prophet unto a meal without waiting for its time to come, except if leave be given you. But if ye are invited then enter, and when you have fed then disperse. Linger not in the hope of discourse. Verily that would be irksome unto the Prophet, and he would shrink from telling you, but God shrinketh not from the truth.... [M]"
33,18,lings,"Verily God and His angels invoke blessings upon the Prophet. O ye who believe, invoke blessings upon him and greetings of peace. [SCR-SA]"
33,19,lings,Verily God and His angels whelm in blessings the prophet. O ye who believe invoke blessings upon him and give him greetings of Peace. [M]
33,20,lings,"We offered the trust (of being Our representative) unto the heavens and the earth and the mountains, but they shrank from bearing it, and were afraid of it. And man took it upon himself. Verily he hath proved an ignorant tyrant. [SS]"
33,21,lings,Sources Used
33,22,lings,• Unpublished Material (1938-2005) [UM]
33,23,lings,BOOKS
33,24,lings,• The Book of Certainty (1952) [BC]
33,25,lings,• A Sufi Saint of the Twentieth Century (1961) [SS]
33,26,lings,• What is Sufism (1975) [WS]
33,27,lings,• The Quranic Art of Calligraphy and Illumination (1976) [QACI]
33,28,lings,• Muhammad (1983) [M]
33,29,lings,• Symbol and Archetype (1991) [SA]
33,30,lings,• Sufi Poems (2004) [SP]
33,31,lings,• Mecca (2004) [Mec.]
33,32,lings,• Return to the Spirit (2005) [RS]
33,33,lings,• Splendours of Qur’an Calligraphy and Illumination (2005) [SQCI]
33,34,lings,ARTICLES
33,35,lings,• “Proofs of Islam”(1954). Islamic Cultural Centre. [PI]
33,36,lings,"• “The Islamic and Christian Conceptions of the March of Time” (1954) The Islamic Quarterly, Vol.1 No.4. [ICCT]"
33,37,lings,"• “The Origins of Sufism (1956) The Islamic Quarterly, Vol.III No.1 [OS]"
33,38,lings,• “Sufism”: Religion in the Middle East (1969); ed.A.J. Arberry [S]
33,39,lings,• “Sufi Answers to Questions On Ultimate Reality”: Studies in Comparative Religions 1979 Summer/Autumn [SCR-SA]
33,40,lings,• “The Nature and Origin of Sufism”: Islamic Spirituality (1985) [NOS]
33,41,lings,"• “Mystical Poetry”: The Cambridge History of Arabic Literature, Vol.2 (1990) [MP]"
33,42,lings,LECTURES
33,43,lings,• “The Quranic Doctrine of the Afterlife” [L-QD]
33,44,lings,• “The Quranic Origins of Sufism” [L-QOS]
33,45,lings,• “Human Origins and Destinies According to the Great Religions of the World” [L-HOD]
33,46,lings,• “Metaphysics and the Perennial Philosophy” [L-MPP]
33,47,lings,• “An Introduction to Islam” [L-II]
33,48,lings,• “The Universality of the Quran” [L-UQ]
33,49,lings,• Private Talks [L-PT]
33,50,lings,Books without Quranic Ayaat
33,51,lings,• Collected Poems
33,52,lings,• Ancient Beliefs and Modern Superstitions
33,53,lings,• The Eleventh Hour
33,54,lings,• The Secret of Shakespeare
33,55,lings,Articles without Quranic Ayaat
33,56,lings,• “Signs of the Times”: Studies in Comparative Religions 1970 Winter
33,57,lings,"• “Ibn Aliwah” Encyclopedia of Islam, Second Edition"
33,58,lings,"• “Kabd” Encyclopedia of Islam, Second Edition"
34,1,lings,"…if We will, We shall make the earth gape and swallow them, or make fall the firmament in pieces upon them.... [M]"
34,2,lings,Sources Used
34,3,lings,• Unpublished Material (1938-2005) [UM]
34,4,lings,BOOKS
34,5,lings,• The Book of Certainty (1952) [BC]
34,6,lings,• A Sufi Saint of the Twentieth Century (1961) [SS]
34,7,lings,• What is Sufism (1975) [WS]
34,8,lings,• The Quranic Art of Calligraphy and Illumination (1976) [QACI]
34,9,lings,• Muhammad (1983) [M]
34,10,lings,• Symbol and Archetype (1991) [SA]
34,11,lings,• Sufi Poems (2004) [SP]
34,12,lings,• Mecca (2004) [Mec.]
34,13,lings,• Return to the Spirit (2005) [RS]
34,14,lings,• Splendours of Qur’an Calligraphy and Illumination (2005) [SQCI]
34,15,lings,ARTICLES
34,16,lings,• “Proofs of Islam”(1954). Islamic Cultural Centre. [PI]
34,17,lings,"• “The Islamic and Christian Conceptions of the March of Time” (1954) The Islamic Quarterly, Vol.1 No.4. [ICCT]"
34,18,lings,"• “The Origins of Sufism (1956) The Islamic Quarterly, Vol.III No.1 [OS]"
34,19,lings,• “Sufism”: Religion in the Middle East (1969); ed.A.J. Arberry [S]
34,20,lings,• “Sufi Answers to Questions On Ultimate Reality”: Studies in Comparative Religions 1979 Summer/Autumn [SCR-SA]
34,21,lings,• “The Nature and Origin of Sufism”: Islamic Spirituality (1985) [NOS]
34,22,lings,"• “Mystical Poetry”: The Cambridge History of Arabic Literature, Vol.2 (1990) [MP]"
34,23,lings,LECTURES
34,24,lings,• “The Quranic Doctrine of the Afterlife” [L-QD]
34,25,lings,• “The Quranic Origins of Sufism” [L-QOS]
34,26,lings,• “Human Origins and Destinies According to the Great Religions of the World” [L-HOD]
34,27,lings,• “Metaphysics and the Perennial Philosophy” [L-MPP]
34,28,lings,• “An Introduction to Islam” [L-II]
34,29,lings,• “The Universality of the Quran” [L-UQ]
34,30,lings,• Private Talks [L-PT]
34,31,lings,Books without Quranic Ayaat
34,32,lings,• Collected Poems
34,33,lings,• Ancient Beliefs and Modern Superstitions
34,34,lings,• The Eleventh Hour
34,35,lings,• The Secret of Shakespeare
34,36,lings,Articles without Quranic Ayaat
34,37,lings,• “Signs of the Times”: Studies in Comparative Religions 1970 Winter
34,38,lings,"• “Ibn Aliwah” Encyclopedia of Islam, Second Edition"
34,39,lings,"• “Kabd” Encyclopedia of Islam, Second Edition"
35,1,lings,"O men, ye are the poor in relation to God, and He is the Rich, the Praiseworthy. [UM]"
35,2,lings,"O men, ye are the poor unto God, and God- He is the Rich, the Object of all Praise. [WS]"
35,3,lings,"O men, ye are the poor, and God is the Rich, the Owner of Praise. [L-QOS]"
35,4,lings,Sources Used
35,5,lings,• Unpublished Material (1938-2005) [UM]
35,6,lings,BOOKS
35,7,lings,• The Book of Certainty (1952) [BC]
35,8,lings,• A Sufi Saint of the Twentieth Century (1961) [SS]
35,9,lings,• What is Sufism (1975) [WS]
35,10,lings,• The Quranic Art of Calligraphy and Illumination (1976) [QACI]
35,11,lings,• Muhammad (1983) [M]
35,12,lings,• Symbol and Archetype (1991) [SA]
35,13,lings,• Sufi Poems (2004) [SP]
35,14,lings,• Mecca (2004) [Mec.]
35,15,lings,• Return to the Spirit (2005) [RS]
35,16,lings,• Splendours of Qur’an Calligraphy and Illumination (2005) [SQCI]
35,17,lings,ARTICLES
35,18,lings,• “Proofs of Islam”(1954). Islamic Cultural Centre. [PI]
35,19,lings,"• “The Islamic and Christian Conceptions of the March of Time” (1954) The Islamic Quarterly, Vol.1 No.4. [ICCT]"
35,20,lings,"• “The Origins of Sufism (1956) The Islamic Quarterly, Vol.III No.1 [OS]"
35,21,lings,• “Sufism”: Religion in the Middle East (1969); ed.A.J. Arberry [S]
35,22,lings,• “Sufi Answers to Questions On Ultimate Reality”: Studies in Comparative Religions 1979 Summer/Autumn [SCR-SA]
35,23,lings,• “The Nature and Origin of Sufism”: Islamic Spirituality (1985) [NOS]
35,24,lings,"• “Mystical Poetry”: The Cambridge History of Arabic Literature, Vol.2 (1990) [MP]"
35,25,lings,LECTURES
35,26,lings,• “The Quranic Doctrine of the Afterlife” [L-QD]
35,27,lings,• “The Quranic Origins of Sufism” [L-QOS]
35,28,lings,• “Human Origins and Destinies According to the Great Religions of the World” [L-HOD]
35,29,lings,• “Metaphysics and the Perennial Philosophy” [L-MPP]
35,30,lings,• “An Introduction to Islam” [L-II]
35,31,lings,• “The Universality of the Quran” [L-UQ]
35,32,lings,• Private Talks [L-PT]
35,33,lings,Books without Quranic Ayaat
35,34,lings,• Collected Poems
35,35,lings,• Ancient Beliefs and Modern Superstitions
35,36,lings,• The Eleventh Hour
35,37,lings,• The Secret of Shakespeare
35,38,lings,Articles without Quranic Ayaat
35,39,lings,• “Signs of the Times”: Studies in Comparative Religions 1970 Winter
35,40,lings,"• “Ibn Aliwah” Encyclopedia of Islam, Second Edition"
35,41,lings,"• “Kabd” Encyclopedia of Islam, Second Edition"
36,1,lings,Ya Sîn. [UM]
36,2,lings,And by the Wise Qur’an. [UM]
36,3,lings,Verily thou art one of those sent by God. [UM]
36,4,lings,Upon the straight path. [UM]
36,5,lings,"This is a revelation of the Mighty, the Merciful. [UM]"
36,6,lings,That thou mightest warn a people whose fathers were not warned and the people were heedless. [UM]
36,7,lings,"Already hath sentence been passed on most of them, so that they will not believe. [UM]"
36,8,lings,"Verily We have put shackles upon their necks even up to their chins, so that they are stiff-necked. [UM]"
36,9,lings,"Verily we have put chains upon their necks, and they reach up to their neck and their heads are forced up. [BC]"
36,10,lings,And we have placed in front of them a barrier and behind them a barrier and We have veiled them so that they shall not see. [UM]
36,11,lings,"And before them We have placed a barrier and behind them a barrier, and We have blindfolded them so that they see not. [BC]"
36,12,lings,"…and We have enshrouded them, so that they see not. [M]"
36,13,lings,"Alike is it to them whether thou warnest them or not, for they will not believe. [BC]"
36,14,lings,Thou shalt only warn him who hearkeneth to the reminder…and give him good tidings of forgiveness and of a noble reward. [UM]
36,15,lings,And give them the parable of the townsfolk.... [UM]
36,16,lings,"Why should I not worship Him who created me, Him to whom ye shall return? [UM]"
36,17,lings,…oh that my people knew. [UM]
36,18,lings,It was said to him: Enter Paradise. He said: O that my people knew. [M]
36,19,lings,How my Lord hath forgiven me and ennobled me. [M]
36,20,lings,How God hath forgiven my sins and lavished upon me His bounty! [M]
36,21,lings,"Glory be to Him Who hath created all the pairs, of what growth from the earth, and of themselves and of what they know not. [BC]"
36,22,lings,"Glory be to Him who hath created all the pairs, of that which the earth growth, and of themselves, and of that whereof they know not. [SA]"
36,23,lings,And a sign to them is the night. We take from it the day and lo they are in darkness. [UM]
36,24,lings,"And the sun runneth to its resting place. Such is the decree of the Mighty, the Knower. [UM]"
36,25,lings,"And the sun runneth on unto its resting place. Such is the Decree of the Almighty, the All-Knowing. [BC]"
36,26,lings,And for the moon we have appointed phases until it becometh like unto an old palm branch. [UM]
36,27,lings,It is not for the sun to overtake the moon and the night outstrippeth not the day. And each in a sphere glideth onwards. [UM]
36,28,lings,And a sign to them is Our carrying their offspring in the full-laden ark. [UM]
36,29,lings,And We have created for them others in its likeness upon which they ride. [UM]
36,30,lings,Verily the people of Paradise on that day shall be joyful at their work. [UM]
36,31,lings,…in shades upon couches reclining. [UM]
36,32,lings,Therein shall they have fruits and they shall have what they ask. [UM]
36,33,lings,Peace. A word from the Merciful Lord. [UM]
36,34,lings,…he forgot his own createdness and said: Who will give life to bones when they are rotten? [M]
36,35,lings,Say: He who gave them being the first time will give them life again. [M]
36,36,lings,It needeth but his command if He wisheth aught.... [UM]
36,37,lings,Glory be to Him who hath the Sovranty over all things and to Whom ye shall return. [UM]
36,38,lings,Sources Used
36,39,lings,• Unpublished Material (1938-2005) [UM]
36,40,lings,BOOKS
36,41,lings,• The Book of Certainty (1952) [BC]
36,42,lings,• A Sufi Saint of the Twentieth Century (1961) [SS]
36,43,lings,• What is Sufism (1975) [WS]
36,44,lings,• The Quranic Art of Calligraphy and Illumination (1976) [QACI]
36,45,lings,• Muhammad (1983) [M]
36,46,lings,• Symbol and Archetype (1991) [SA]
36,47,lings,• Sufi Poems (2004) [SP]
36,48,lings,• Mecca (2004) [Mec.]
36,49,lings,• Return to the Spirit (2005) [RS]
36,50,lings,• Splendours of Qur’an Calligraphy and Illumination (2005) [SQCI]
36,51,lings,ARTICLES
36,52,lings,• “Proofs of Islam”(1954). Islamic Cultural Centre. [PI]
36,53,lings,"• “The Islamic and Christian Conceptions of the March of Time” (1954) The Islamic Quarterly, Vol.1 No.4. [ICCT]"
36,54,lings,"• “The Origins of Sufism (1956) The Islamic Quarterly, Vol.III No.1 [OS]"
36,55,lings,• “Sufism”: Religion in the Middle East (1969); ed.A.J. Arberry [S]
36,56,lings,• “Sufi Answers to Questions On Ultimate Reality”: Studies in Comparative Religions 1979 Summer/Autumn [SCR-SA]
36,57,lings,• “The Nature and Origin of Sufism”: Islamic Spirituality (1985) [NOS]
36,58,lings,"• “Mystical Poetry”: The Cambridge History of Arabic Literature, Vol.2 (1990) [MP]"
36,59,lings,LECTURES
36,60,lings,• “The Quranic Doctrine of the Afterlife” [L-QD]
36,61,lings,• “The Quranic Origins of Sufism” [L-QOS]
36,62,lings,• “Human Origins and Destinies According to the Great Religions of the World” [L-HOD]
36,63,lings,• “Metaphysics and the Perennial Philosophy” [L-MPP]
36,64,lings,• “An Introduction to Islam” [L-II]
36,65,lings,• “The Universality of the Quran” [L-UQ]
36,66,lings,• Private Talks [L-PT]
36,67,lings,Books without Quranic Ayaat
36,68,lings,• Collected Poems
36,69,lings,• Ancient Beliefs and Modern Superstitions
36,70,lings,• The Eleventh Hour
36,71,lings,• The Secret of Shakespeare
36,72,lings,Articles without Quranic Ayaat
36,73,lings,• “Signs of the Times”: Studies in Comparative Religions 1970 Winter
36,74,lings,"• “Ibn Aliwah” Encyclopedia of Islam, Second Edition"
36,75,lings,"• “Kabd” Encyclopedia of Islam, Second Edition"
37,1,lings,…verily ye had come unto us from the right hand. [UM]
37,2,lings,"When it alighteth in front of their dwellings, bad morning then to those who have been warned. [UM]"
37,3,lings,Sources Used
37,4,lings,• Unpublished Material (1938-2005) [UM]
37,5,lings,BOOKS
37,6,lings,• The Book of Certainty (1952) [BC]
37,7,lings,• A Sufi Saint of the Twentieth Century (1961) [SS]
37,8,lings,• What is Sufism (1975) [WS]
37,9,lings,• The Quranic Art of Calligraphy and Illumination (1976) [QACI]
37,10,lings,• Muhammad (1983) [M]
37,11,lings,• Symbol and Archetype (1991) [SA]
37,12,lings,• Sufi Poems (2004) [SP]
37,13,lings,• Mecca (2004) [Mec.]
37,14,lings,• Return to the Spirit (2005) [RS]
37,15,lings,• Splendours of Qur’an Calligraphy and Illumination (2005) [SQCI]
37,16,lings,ARTICLES
37,17,lings,• “Proofs of Islam”(1954). Islamic Cultural Centre. [PI]
37,18,lings,"• “The Islamic and Christian Conceptions of the March of Time” (1954) The Islamic Quarterly, Vol.1 No.4. [ICCT]"
37,19,lings,"• “The Origins of Sufism (1956) The Islamic Quarterly, Vol.III No.1 [OS]"
37,20,lings,• “Sufism”: Religion in the Middle East (1969); ed.A.J. Arberry [S]
37,21,lings,• “Sufi Answers to Questions On Ultimate Reality”: Studies in Comparative Religions 1979 Summer/Autumn [SCR-SA]
37,22,lings,• “The Nature and Origin of Sufism”: Islamic Spirituality (1985) [NOS]
37,23,lings,"• “Mystical Poetry”: The Cambridge History of Arabic Literature, Vol.2 (1990) [MP]"
37,24,lings,LECTURES
37,25,lings,• “The Quranic Doctrine of the Afterlife” [L-QD]
37,26,lings,• “The Quranic Origins of Sufism” [L-QOS]
37,27,lings,• “Human Origins and Destinies According to the Great Religions of the World” [L-HOD]
37,28,lings,• “Metaphysics and the Perennial Philosophy” [L-MPP]
37,29,lings,• “An Introduction to Islam” [L-II]
37,30,lings,• “The Universality of the Quran” [L-UQ]
37,31,lings,• Private Talks [L-PT]
37,32,lings,Books without Quranic Ayaat
37,33,lings,• Collected Poems
37,34,lings,• Ancient Beliefs and Modern Superstitions
37,35,lings,• The Eleventh Hour
37,36,lings,• The Secret of Shakespeare
37,37,lings,Articles without Quranic Ayaat
37,38,lings,• “Signs of the Times”: Studies in Comparative Religions 1970 Winter
37,39,lings,"• “Ibn Aliwah” Encyclopedia of Islam, Second Edition"
37,40,lings,"• “Kabd” Encyclopedia of Islam, Second Edition"
38,1,lings,"My Lord, grant me Thy Pardon, and give me a sovereignty that shall not belong unto any after me. Verily it is Thou Who art the Giver. [UM]"
38,2,lings,…great tidings. [SS]
38,3,lings,…what hath prevented thee from bowing down before him whom My Hands have created.... [UM]
38,4,lings,Sources Used
38,5,lings,• Unpublished Material (1938-2005) [UM]
38,6,lings,BOOKS
38,7,lings,• The Book of Certainty (1952) [BC]
38,8,lings,• A Sufi Saint of the Twentieth Century (1961) [SS]
38,9,lings,• What is Sufism (1975) [WS]
38,10,lings,• The Quranic Art of Calligraphy and Illumination (1976) [QACI]
38,11,lings,• Muhammad (1983) [M]
38,12,lings,• Symbol and Archetype (1991) [SA]
38,13,lings,• Sufi Poems (2004) [SP]
38,14,lings,• Mecca (2004) [Mec.]
38,15,lings,• Return to the Spirit (2005) [RS]
38,16,lings,• Splendours of Qur’an Calligraphy and Illumination (2005) [SQCI]
38,17,lings,ARTICLES
38,18,lings,• “Proofs of Islam”(1954). Islamic Cultural Centre. [PI]
38,19,lings,"• “The Islamic and Christian Conceptions of the March of Time” (1954) The Islamic Quarterly, Vol.1 No.4. [ICCT]"
38,20,lings,"• “The Origins of Sufism (1956) The Islamic Quarterly, Vol.III No.1 [OS]"
38,21,lings,• “Sufism”: Religion in the Middle East (1969); ed.A.J. Arberry [S]
38,22,lings,• “Sufi Answers to Questions On Ultimate Reality”: Studies in Comparative Religions 1979 Summer/Autumn [SCR-SA]
38,23,lings,• “The Nature and Origin of Sufism”: Islamic Spirituality (1985) [NOS]
38,24,lings,"• “Mystical Poetry”: The Cambridge History of Arabic Literature, Vol.2 (1990) [MP]"
38,25,lings,LECTURES
38,26,lings,• “The Quranic Doctrine of the Afterlife” [L-QD]
38,27,lings,• “The Quranic Origins of Sufism” [L-QOS]
38,28,lings,• “Human Origins and Destinies According to the Great Religions of the World” [L-HOD]
38,29,lings,• “Metaphysics and the Perennial Philosophy” [L-MPP]
38,30,lings,• “An Introduction to Islam” [L-II]
38,31,lings,• “The Universality of the Quran” [L-UQ]
38,32,lings,• Private Talks [L-PT]
38,33,lings,Books without Quranic Ayaat
38,34,lings,• Collected Poems
38,35,lings,• Ancient Beliefs and Modern Superstitions
38,36,lings,• The Eleventh Hour
38,37,lings,• The Secret of Shakespeare
38,38,lings,Articles without Quranic Ayaat
38,39,lings,• “Signs of the Times”: Studies in Comparative Religions 1970 Winter
38,40,lings,"• “Ibn Aliwah” Encyclopedia of Islam, Second Edition"
38,41,lings,"• “Kabd” Encyclopedia of Islam, Second Edition"
39,1,lings,…it causeth the skins of those that fear their Lord to thrill. Then their skins and their hearts grow pliant (or supple) unto the remembrance of God.... [WS]
39,2,lings,"O My slaves who have acted unwisely against yourselves, despair not of God’s Mercy. Verily God forgiveth sins in their entirety. He is the All-Forgiving, the All-Merciful. [M]"
39,3,lings,"And turn unto your Lord in repentance and surrender unto Him before there come unto you the punishment, when ye shall not be helped. [M]"
39,4,lings,They esteem not God as He hath the right to be esteemed.... [NOS]
39,5,lings,They have not rated God at His true worth.... [L-PT]
39,6,lings,Sources Used
39,7,lings,• Unpublished Material (1938-2005) [UM]
39,8,lings,BOOKS
39,9,lings,• The Book of Certainty (1952) [BC]
39,10,lings,• A Sufi Saint of the Twentieth Century (1961) [SS]
39,11,lings,• What is Sufism (1975) [WS]
39,12,lings,• The Quranic Art of Calligraphy and Illumination (1976) [QACI]
39,13,lings,• Muhammad (1983) [M]
39,14,lings,• Symbol and Archetype (1991) [SA]
39,15,lings,• Sufi Poems (2004) [SP]
39,16,lings,• Mecca (2004) [Mec.]
39,17,lings,• Return to the Spirit (2005) [RS]
39,18,lings,• Splendours of Qur’an Calligraphy and Illumination (2005) [SQCI]
39,19,lings,ARTICLES
39,20,lings,• “Proofs of Islam”(1954). Islamic Cultural Centre. [PI]
39,21,lings,"• “The Islamic and Christian Conceptions of the March of Time” (1954) The Islamic Quarterly, Vol.1 No.4. [ICCT]"
39,22,lings,"• “The Origins of Sufism (1956) The Islamic Quarterly, Vol.III No.1 [OS]"
39,23,lings,• “Sufism”: Religion in the Middle East (1969); ed.A.J. Arberry [S]
39,24,lings,• “Sufi Answers to Questions On Ultimate Reality”: Studies in Comparative Religions 1979 Summer/Autumn [SCR-SA]
39,25,lings,• “The Nature and Origin of Sufism”: Islamic Spirituality (1985) [NOS]
39,26,lings,"• “Mystical Poetry”: The Cambridge History of Arabic Literature, Vol.2 (1990) [MP]"
39,27,lings,LECTURES
39,28,lings,• “The Quranic Doctrine of the Afterlife” [L-QD]
39,29,lings,• “The Quranic Origins of Sufism” [L-QOS]
39,30,lings,• “Human Origins and Destinies According to the Great Religions of the World” [L-HOD]
39,31,lings,• “Metaphysics and the Perennial Philosophy” [L-MPP]
39,32,lings,• “An Introduction to Islam” [L-II]
39,33,lings,• “The Universality of the Quran” [L-UQ]
39,34,lings,• Private Talks [L-PT]
39,35,lings,Books without Quranic Ayaat
39,36,lings,• Collected Poems
39,37,lings,• Ancient Beliefs and Modern Superstitions
39,38,lings,• The Eleventh Hour
39,39,lings,• The Secret of Shakespeare
39,40,lings,Articles without Quranic Ayaat
39,41,lings,• “Signs of the Times”: Studies in Comparative Religions 1970 Winter
39,42,lings,"• “Ibn Aliwah” Encyclopedia of Islam, Second Edition"
39,43,lings,"• “Kabd” Encyclopedia of Islam, Second Edition"
40,1,lings,"…unto Whom on that day belongeth the Kingdom? Unto God the One, the Irresistible. [BC]"
40,2,lings,"…unto whom this day is the Kingdom? Unto God, the One, the Irrestistible. [SS]"
40,3,lings,…I submit my case unto God. Verily God is the Seer of His slaves. [SS]
40,4,lings,Your Lord hath said: Call upon Me and I will answer you.... [WS]
40,5,lings,"Verily We have sent messengers before thee. About some of them have We told thee, and about some have We not told thee.... [SS] [NOS][RS]"
40,6,lings,"We have sent messengers before thee. About some of them We have told thee, and about some We have not told thee.... [L-II]"
40,7,lings,…some of them We have mentioned. Others We have not mentioned.... [L-UQ]
40,8,lings,Sources Used
40,9,lings,• Unpublished Material (1938-2005) [UM]
40,10,lings,BOOKS
40,11,lings,• The Book of Certainty (1952) [BC]
40,12,lings,• A Sufi Saint of the Twentieth Century (1961) [SS]
40,13,lings,• What is Sufism (1975) [WS]
40,14,lings,• The Quranic Art of Calligraphy and Illumination (1976) [QACI]
40,15,lings,• Muhammad (1983) [M]
40,16,lings,• Symbol and Archetype (1991) [SA]
40,17,lings,• Sufi Poems (2004) [SP]
40,18,lings,• Mecca (2004) [Mec.]
40,19,lings,• Return to the Spirit (2005) [RS]
40,20,lings,• Splendours of Qur’an Calligraphy and Illumination (2005) [SQCI]
40,21,lings,ARTICLES
40,22,lings,• “Proofs of Islam”(1954). Islamic Cultural Centre. [PI]
40,23,lings,"• “The Islamic and Christian Conceptions of the March of Time” (1954) The Islamic Quarterly, Vol.1 No.4. [ICCT]"
40,24,lings,"• “The Origins of Sufism (1956) The Islamic Quarterly, Vol.III No.1 [OS]"
40,25,lings,• “Sufism”: Religion in the Middle East (1969); ed.A.J. Arberry [S]
40,26,lings,• “Sufi Answers to Questions On Ultimate Reality”: Studies in Comparative Religions 1979 Summer/Autumn [SCR-SA]
40,27,lings,• “The Nature and Origin of Sufism”: Islamic Spirituality (1985) [NOS]
40,28,lings,"• “Mystical Poetry”: The Cambridge History of Arabic Literature, Vol.2 (1990) [MP]"
40,29,lings,LECTURES
40,30,lings,• “The Quranic Doctrine of the Afterlife” [L-QD]
40,31,lings,• “The Quranic Origins of Sufism” [L-QOS]
40,32,lings,• “Human Origins and Destinies According to the Great Religions of the World” [L-HOD]
40,33,lings,• “Metaphysics and the Perennial Philosophy” [L-MPP]
40,34,lings,• “An Introduction to Islam” [L-II]
40,35,lings,• “The Universality of the Quran” [L-UQ]
40,36,lings,• Private Talks [L-PT]
40,37,lings,Books without Quranic Ayaat
40,38,lings,• Collected Poems
40,39,lings,• Ancient Beliefs and Modern Superstitions
40,40,lings,• The Eleventh Hour
40,41,lings,• The Secret of Shakespeare
40,42,lings,Articles without Quranic Ayaat
40,43,lings,• “Signs of the Times”: Studies in Comparative Religions 1970 Winter
40,44,lings,"• “Ibn Aliwah” Encyclopedia of Islam, Second Edition"
40,45,lings,"• “Kabd” Encyclopedia of Islam, Second Edition"
41,1,lings,"Verily those who say: “Our Lord is God”, and who then follow straight His path, on them descend the Angels saying: “Fear not nor grieve, but hearken to good tidings of the Paradise which ye are promised”. [M]"
41,2,lings,"“We are your protecting friends in this lower life, and in the Hereafter wherein ye shall be given that which your souls long for, that which ye pray for. [M]"
41,3,lings,"“In bounty from Him who is All-Forgiving, All-Merciful”. [M]"
41,4,lings,…none meeteth it face to face save him whose destined portion is immeasurably blessed. [SS]
41,5,lings,"And of His signs are the night and the day and the sun and the moon. Bow not down in adoration unto the sun nor unto the moon, but bow down in adoration unto God their Creator, if Him indeed ye worship. [M]"
41,6,lings,"We shall show them Our signs upon the horizons and within themselves, until it be clear to them that He is the truth.... [BC]"
41,7,lings,We shall show them Our signs on the horizons and in themselves.... [WS] [SA]
41,8,lings,Sources Used
41,9,lings,• Unpublished Material (1938-2005) [UM]
41,10,lings,BOOKS
41,11,lings,• The Book of Certainty (1952) [BC]
41,12,lings,• A Sufi Saint of the Twentieth Century (1961) [SS]
41,13,lings,• What is Sufism (1975) [WS]
41,14,lings,• The Quranic Art of Calligraphy and Illumination (1976) [QACI]
41,15,lings,• Muhammad (1983) [M]
41,16,lings,• Symbol and Archetype (1991) [SA]
41,17,lings,• Sufi Poems (2004) [SP]
41,18,lings,• Mecca (2004) [Mec.]
41,19,lings,• Return to the Spirit (2005) [RS]
41,20,lings,• Splendours of Qur’an Calligraphy and Illumination (2005) [SQCI]
41,21,lings,ARTICLES
41,22,lings,• “Proofs of Islam”(1954). Islamic Cultural Centre. [PI]
41,23,lings,"• “The Islamic and Christian Conceptions of the March of Time” (1954) The Islamic Quarterly, Vol.1 No.4. [ICCT]"
41,24,lings,"• “The Origins of Sufism (1956) The Islamic Quarterly, Vol.III No.1 [OS]"
41,25,lings,• “Sufism”: Religion in the Middle East (1969); ed.A.J. Arberry [S]
41,26,lings,• “Sufi Answers to Questions On Ultimate Reality”: Studies in Comparative Religions 1979 Summer/Autumn [SCR-SA]
41,27,lings,• “The Nature and Origin of Sufism”: Islamic Spirituality (1985) [NOS]
41,28,lings,"• “Mystical Poetry”: The Cambridge History of Arabic Literature, Vol.2 (1990) [MP]"
41,29,lings,LECTURES
41,30,lings,• “The Quranic Doctrine of the Afterlife” [L-QD]
41,31,lings,• “The Quranic Origins of Sufism” [L-QOS]
41,32,lings,• “Human Origins and Destinies According to the Great Religions of the World” [L-HOD]
41,33,lings,• “Metaphysics and the Perennial Philosophy” [L-MPP]
41,34,lings,• “An Introduction to Islam” [L-II]
41,35,lings,• “The Universality of the Quran” [L-UQ]
41,36,lings,• Private Talks [L-PT]
41,37,lings,Books without Quranic Ayaat
41,38,lings,• Collected Poems
41,39,lings,• Ancient Beliefs and Modern Superstitions
41,40,lings,• The Eleventh Hour
41,41,lings,• The Secret of Shakespeare
41,42,lings,Articles without Quranic Ayaat
41,43,lings,• “Signs of the Times”: Studies in Comparative Religions 1970 Winter
41,44,lings,"• “Ibn Aliwah” Encyclopedia of Islam, Second Edition"
41,45,lings,"• “Kabd” Encyclopedia of Islam, Second Edition"
42,1,lings,…nothing is like unto Him.... [UM]
42,2,lings,"…naught is like unto Him, and He is the Hearer, the Seer. [SS]"
42,3,lings,"There is naught like unto Him, and He is the Hearer, the Seer. [SS]"
42,4,lings,…We have made it a light whereby We guide whom We will.... [QACI] [SQCI]
42,5,lings,…all things come unto God. [SS]
42,6,lings,…do not all things return to God? [WS] [RS]
42,7,lings,Sources Used
42,8,lings,• Unpublished Material (1938-2005) [UM]
42,9,lings,BOOKS
42,10,lings,• The Book of Certainty (1952) [BC]
42,11,lings,• A Sufi Saint of the Twentieth Century (1961) [SS]
42,12,lings,• What is Sufism (1975) [WS]
42,13,lings,• The Quranic Art of Calligraphy and Illumination (1976) [QACI]
42,14,lings,• Muhammad (1983) [M]
42,15,lings,• Symbol and Archetype (1991) [SA]
42,16,lings,• Sufi Poems (2004) [SP]
42,17,lings,• Mecca (2004) [Mec.]
42,18,lings,• Return to the Spirit (2005) [RS]
42,19,lings,• Splendours of Qur’an Calligraphy and Illumination (2005) [SQCI]
42,20,lings,ARTICLES
42,21,lings,• “Proofs of Islam”(1954). Islamic Cultural Centre. [PI]
42,22,lings,"• “The Islamic and Christian Conceptions of the March of Time” (1954) The Islamic Quarterly, Vol.1 No.4. [ICCT]"
42,23,lings,"• “The Origins of Sufism (1956) The Islamic Quarterly, Vol.III No.1 [OS]"
42,24,lings,• “Sufism”: Religion in the Middle East (1969); ed.A.J. Arberry [S]
42,25,lings,• “Sufi Answers to Questions On Ultimate Reality”: Studies in Comparative Religions 1979 Summer/Autumn [SCR-SA]
42,26,lings,• “The Nature and Origin of Sufism”: Islamic Spirituality (1985) [NOS]
42,27,lings,"• “Mystical Poetry”: The Cambridge History of Arabic Literature, Vol.2 (1990) [MP]"
42,28,lings,LECTURES
42,29,lings,• “The Quranic Doctrine of the Afterlife” [L-QD]
42,30,lings,• “The Quranic Origins of Sufism” [L-QOS]
42,31,lings,• “Human Origins and Destinies According to the Great Religions of the World” [L-HOD]
42,32,lings,• “Metaphysics and the Perennial Philosophy” [L-MPP]
42,33,lings,• “An Introduction to Islam” [L-II]
42,34,lings,• “The Universality of the Quran” [L-UQ]
42,35,lings,• Private Talks [L-PT]
42,36,lings,Books without Quranic Ayaat
42,37,lings,• Collected Poems
42,38,lings,• Ancient Beliefs and Modern Superstitions
42,39,lings,• The Eleventh Hour
42,40,lings,• The Secret of Shakespeare
42,41,lings,Articles without Quranic Ayaat
42,42,lings,• “Signs of the Times”: Studies in Comparative Religions 1970 Winter
42,43,lings,"• “Ibn Aliwah” Encyclopedia of Islam, Second Edition"
42,44,lings,"• “Kabd” Encyclopedia of Islam, Second Edition"
43,1,lings,He it is who is God in Heaven and God on earth.... [SS]
43,2,lings,Sources Used
43,3,lings,• Unpublished Material (1938-2005) [UM]
43,4,lings,BOOKS
43,5,lings,• The Book of Certainty (1952) [BC]
43,6,lings,• A Sufi Saint of the Twentieth Century (1961) [SS]
43,7,lings,• What is Sufism (1975) [WS]
43,8,lings,• The Quranic Art of Calligraphy and Illumination (1976) [QACI]
43,9,lings,• Muhammad (1983) [M]
43,10,lings,• Symbol and Archetype (1991) [SA]
43,11,lings,• Sufi Poems (2004) [SP]
43,12,lings,• Mecca (2004) [Mec.]
43,13,lings,• Return to the Spirit (2005) [RS]
43,14,lings,• Splendours of Qur’an Calligraphy and Illumination (2005) [SQCI]
43,15,lings,ARTICLES
43,16,lings,• “Proofs of Islam”(1954). Islamic Cultural Centre. [PI]
43,17,lings,"• “The Islamic and Christian Conceptions of the March of Time” (1954) The Islamic Quarterly, Vol.1 No.4. [ICCT]"
43,18,lings,"• “The Origins of Sufism (1956) The Islamic Quarterly, Vol.III No.1 [OS]"
43,19,lings,• “Sufism”: Religion in the Middle East (1969); ed.A.J. Arberry [S]
43,20,lings,• “Sufi Answers to Questions On Ultimate Reality”: Studies in Comparative Religions 1979 Summer/Autumn [SCR-SA]
43,21,lings,• “The Nature and Origin of Sufism”: Islamic Spirituality (1985) [NOS]
43,22,lings,"• “Mystical Poetry”: The Cambridge History of Arabic Literature, Vol.2 (1990) [MP]"
43,23,lings,LECTURES
43,24,lings,• “The Quranic Doctrine of the Afterlife” [L-QD]
43,25,lings,• “The Quranic Origins of Sufism” [L-QOS]
43,26,lings,• “Human Origins and Destinies According to the Great Religions of the World” [L-HOD]
43,27,lings,• “Metaphysics and the Perennial Philosophy” [L-MPP]
43,28,lings,• “An Introduction to Islam” [L-II]
43,29,lings,• “The Universality of the Quran” [L-UQ]
43,30,lings,• Private Talks [L-PT]
43,31,lings,Books without Quranic Ayaat
43,32,lings,• Collected Poems
43,33,lings,• Ancient Beliefs and Modern Superstitions
43,34,lings,• The Eleventh Hour
43,35,lings,• The Secret of Shakespeare
43,36,lings,Articles without Quranic Ayaat
43,37,lings,• “Signs of the Times”: Studies in Comparative Religions 1970 Winter
43,38,lings,"• “Ibn Aliwah” Encyclopedia of Islam, Second Edition"
43,39,lings,"• “Kabd” Encyclopedia of Islam, Second Edition"
44,1,lings,Not in play did We create the heavens and the earth and all that is between them. [M]
44,2,lings,Sources Used
44,3,lings,• Unpublished Material (1938-2005) [UM]
44,4,lings,BOOKS
44,5,lings,• The Book of Certainty (1952) [BC]
44,6,lings,• A Sufi Saint of the Twentieth Century (1961) [SS]
44,7,lings,• What is Sufism (1975) [WS]
44,8,lings,• The Quranic Art of Calligraphy and Illumination (1976) [QACI]
44,9,lings,• Muhammad (1983) [M]
44,10,lings,• Symbol and Archetype (1991) [SA]
44,11,lings,• Sufi Poems (2004) [SP]
44,12,lings,• Mecca (2004) [Mec.]
44,13,lings,• Return to the Spirit (2005) [RS]
44,14,lings,• Splendours of Qur’an Calligraphy and Illumination (2005) [SQCI]
44,15,lings,ARTICLES
44,16,lings,• “Proofs of Islam”(1954). Islamic Cultural Centre. [PI]
44,17,lings,"• “The Islamic and Christian Conceptions of the March of Time” (1954) The Islamic Quarterly, Vol.1 No.4. [ICCT]"
44,18,lings,"• “The Origins of Sufism (1956) The Islamic Quarterly, Vol.III No.1 [OS]"
44,19,lings,• “Sufism”: Religion in the Middle East (1969); ed.A.J. Arberry [S]
44,20,lings,• “Sufi Answers to Questions On Ultimate Reality”: Studies in Comparative Religions 1979 Summer/Autumn [SCR-SA]
44,21,lings,• “The Nature and Origin of Sufism”: Islamic Spirituality (1985) [NOS]
44,22,lings,"• “Mystical Poetry”: The Cambridge History of Arabic Literature, Vol.2 (1990) [MP]"
44,23,lings,LECTURES
44,24,lings,• “The Quranic Doctrine of the Afterlife” [L-QD]
44,25,lings,• “The Quranic Origins of Sufism” [L-QOS]
44,26,lings,• “Human Origins and Destinies According to the Great Religions of the World” [L-HOD]
44,27,lings,• “Metaphysics and the Perennial Philosophy” [L-MPP]
44,28,lings,• “An Introduction to Islam” [L-II]
44,29,lings,• “The Universality of the Quran” [L-UQ]
44,30,lings,• Private Talks [L-PT]
44,31,lings,Books without Quranic Ayaat
44,32,lings,• Collected Poems
44,33,lings,• Ancient Beliefs and Modern Superstitions
44,34,lings,• The Eleventh Hour
44,35,lings,• The Secret of Shakespeare
44,36,lings,Articles without Quranic Ayaat
44,37,lings,• “Signs of the Times”: Studies in Comparative Religions 1970 Winter
44,38,lings,"• “Ibn Aliwah” Encyclopedia of Islam, Second Edition"
44,39,lings,"• “Kabd” Encyclopedia of Islam, Second Edition"
45,1,lings,No Translation exists for this surah.
46,1,lings,We created the heavens and the earth and all that is between them with naught but Truth.... [SS]
46,2,lings,Sources Used
46,3,lings,• Unpublished Material (1938-2005) [UM]
46,4,lings,BOOKS
46,5,lings,• The Book of Certainty (1952) [BC]
46,6,lings,• A Sufi Saint of the Twentieth Century (1961) [SS]
46,7,lings,• What is Sufism (1975) [WS]
46,8,lings,• The Quranic Art of Calligraphy and Illumination (1976) [QACI]
46,9,lings,• Muhammad (1983) [M]
46,10,lings,• Symbol and Archetype (1991) [SA]
46,11,lings,• Sufi Poems (2004) [SP]
46,12,lings,• Mecca (2004) [Mec.]
46,13,lings,• Return to the Spirit (2005) [RS]
46,14,lings,• Splendours of Qur’an Calligraphy and Illumination (2005) [SQCI]
46,15,lings,ARTICLES
46,16,lings,• “Proofs of Islam”(1954). Islamic Cultural Centre. [PI]
46,17,lings,"• “The Islamic and Christian Conceptions of the March of Time” (1954) The Islamic Quarterly, Vol.1 No.4. [ICCT]"
46,18,lings,"• “The Origins of Sufism (1956) The Islamic Quarterly, Vol.III No.1 [OS]"
46,19,lings,• “Sufism”: Religion in the Middle East (1969); ed.A.J. Arberry [S]
46,20,lings,• “Sufi Answers to Questions On Ultimate Reality”: Studies in Comparative Religions 1979 Summer/Autumn [SCR-SA]
46,21,lings,• “The Nature and Origin of Sufism”: Islamic Spirituality (1985) [NOS]
46,22,lings,"• “Mystical Poetry”: The Cambridge History of Arabic Literature, Vol.2 (1990) [MP]"
46,23,lings,LECTURES
46,24,lings,• “The Quranic Doctrine of the Afterlife” [L-QD]
46,25,lings,• “The Quranic Origins of Sufism” [L-QOS]
46,26,lings,• “Human Origins and Destinies According to the Great Religions of the World” [L-HOD]
46,27,lings,• “Metaphysics and the Perennial Philosophy” [L-MPP]
46,28,lings,• “An Introduction to Islam” [L-II]
46,29,lings,• “The Universality of the Quran” [L-UQ]
46,30,lings,• Private Talks [L-PT]
46,31,lings,Books without Quranic Ayaat
46,32,lings,• Collected Poems
46,33,lings,• Ancient Beliefs and Modern Superstitions
46,34,lings,• The Eleventh Hour
46,35,lings,• The Secret of Shakespeare
46,36,lings,Articles without Quranic Ayaat
46,37,lings,• “Signs of the Times”: Studies in Comparative Religions 1970 Winter
46,38,lings,"• “Ibn Aliwah” Encyclopedia of Islam, Second Edition"
46,39,lings,"• “Kabd” Encyclopedia of Islam, Second Edition"
47,1,lings,"…God is the Rich, and ye are the poor.... [BC] [WS]"
47,2,lings,Sources Used
47,3,lings,• Unpublished Material (1938-2005) [UM]
47,4,lings,BOOKS
47,5,lings,• The Book of Certainty (1952) [BC]
47,6,lings,• A Sufi Saint of the Twentieth Century (1961) [SS]
47,7,lings,• What is Sufism (1975) [WS]
47,8,lings,• The Quranic Art of Calligraphy and Illumination (1976) [QACI]
47,9,lings,• Muhammad (1983) [M]
47,10,lings,• Symbol and Archetype (1991) [SA]
47,11,lings,• Sufi Poems (2004) [SP]
47,12,lings,• Mecca (2004) [Mec.]
47,13,lings,• Return to the Spirit (2005) [RS]
47,14,lings,• Splendours of Qur’an Calligraphy and Illumination (2005) [SQCI]
47,15,lings,ARTICLES
47,16,lings,• “Proofs of Islam”(1954). Islamic Cultural Centre. [PI]
47,17,lings,"• “The Islamic and Christian Conceptions of the March of Time” (1954) The Islamic Quarterly, Vol.1 No.4. [ICCT]"
47,18,lings,"• “The Origins of Sufism (1956) The Islamic Quarterly, Vol.III No.1 [OS]"
47,19,lings,• “Sufism”: Religion in the Middle East (1969); ed.A.J. Arberry [S]
47,20,lings,• “Sufi Answers to Questions On Ultimate Reality”: Studies in Comparative Religions 1979 Summer/Autumn [SCR-SA]
47,21,lings,• “The Nature and Origin of Sufism”: Islamic Spirituality (1985) [NOS]
47,22,lings,"• “Mystical Poetry”: The Cambridge History of Arabic Literature, Vol.2 (1990) [MP]"
47,23,lings,LECTURES
47,24,lings,• “The Quranic Doctrine of the Afterlife” [L-QD]
47,25,lings,• “The Quranic Origins of Sufism” [L-QOS]
47,26,lings,• “Human Origins and Destinies According to the Great Religions of the World” [L-HOD]
47,27,lings,• “Metaphysics and the Perennial Philosophy” [L-MPP]
47,28,lings,• “An Introduction to Islam” [L-II]
47,29,lings,• “The Universality of the Quran” [L-UQ]
47,30,lings,• Private Talks [L-PT]
47,31,lings,Books without Quranic Ayaat
47,32,lings,• Collected Poems
47,33,lings,• Ancient Beliefs and Modern Superstitions
47,34,lings,• The Eleventh Hour
47,35,lings,• The Secret of Shakespeare
47,36,lings,Articles without Quranic Ayaat
47,37,lings,• “Signs of the Times”: Studies in Comparative Religions 1970 Winter
47,38,lings,"• “Ibn Aliwah” Encyclopedia of Islam, Second Edition"
47,39,lings,"• “Kabd” Encyclopedia of Islam, Second Edition"
48,1,lings,Verily We have made thee victorious by a manifest victory. [BC]
48,2,lings,Verily We have given thee a clear victory. [M]
48,3,lings,That God may forgive thee thy trespasses past and those which are to come.... [BC]
48,4,lings,"He it is who causes the spirit of Peace to descend into the hearts of the believers, that they might add (new) faith to their (former) faith.... [UM]"
48,5,lings,He it is Who hath sent down the Spirit of Peace into the hearts of the faithful that they may increase in faith upon faith.... [OS] [SS]
48,6,lings,He it is who sent down the Spirit of Peace into the hearts of the believers that they may increase in faith upon their faith. [M]
48,7,lings,"That He may bring the believing men and the believing women into gardens that are watered by flowing rivers, gardens wherein they shall dwell immortal, and that He may take from them all guilt of evil. Triumph immense for them is that in the sight of God. [M]"
48,8,lings,"Verily those who swear allegiance unto Thee, swear allegiance only unto Allah. The Hand of Allah is above their hands. And whosoever breaketh his oath, breaketh it only with himself. And whosoever keepeth his covenant with Allah, on him will He bestow immense reward. [UM]"
48,9,lings,"Verily they that swear allegiance unto thee swear it unto none but God. The Hand of God is over their hands. Therefore whomsoever breaketh his oath breaketh it only unto his soul’s hurt, and whomsoever keepeth his covenant with God, verily unto him will He give Immense Reward. [BC]"
48,10,lings,Verily they who pledge unto thee their allegiance pledge it unto none but God. The Hand of God is above their hands.... [WS]
48,11,lings,God was well pleased with the believers when they swore allegiance unto thee beneath the tree. He knew what was in their hearts and sent down the Spirit of Peace upon them and hath rewarded them with a near victory. [BC]
48,12,lings,God was well pleased with the believers when they pledged allegiance unto thee beneath the tree. He knew what was in their hearts and sent down the Spirit of Peace upon them and hath rewarded them with a near victory. [WS]
48,13,lings,God was well pleased with the believers when they pledged allegiance unto thee beneath the tree. He knew what was in their hearts and sent down the Spirit of Peace upon them and hath given them the meed of a near victory. [M]
48,14,lings,Other spoils which ye have not yet been able to achieve but which God encompasseth.... [WS]
48,15,lings,"God hath fulfilled for His Messenger the vision: God willing ye shall enter the inviolable mosque in safety, not fearing, with the hair of your heads shaven or cut. But He knoweth what ye know not, and before that hath He given you a near victory. [M]"
48,16,lings,Sources Used
48,17,lings,• Unpublished Material (1938-2005) [UM]
48,18,lings,BOOKS
48,19,lings,• The Book of Certainty (1952) [BC]
48,20,lings,• A Sufi Saint of the Twentieth Century (1961) [SS]
48,21,lings,• What is Sufism (1975) [WS]
48,22,lings,• The Quranic Art of Calligraphy and Illumination (1976) [QACI]
48,23,lings,• Muhammad (1983) [M]
48,24,lings,• Symbol and Archetype (1991) [SA]
48,25,lings,• Sufi Poems (2004) [SP]
48,26,lings,• Mecca (2004) [Mec.]
48,27,lings,• Return to the Spirit (2005) [RS]
48,28,lings,• Splendours of Qur’an Calligraphy and Illumination (2005) [SQCI]
48,29,lings,ARTICLES
48,30,lings,• “Proofs of Islam”(1954). Islamic Cultural Centre. [PI]
48,31,lings,"• “The Islamic and Christian Conceptions of the March of Time” (1954) The Islamic Quarterly, Vol.1 No.4. [ICCT]"
48,32,lings,"• “The Origins of Sufism (1956) The Islamic Quarterly, Vol.III No.1 [OS]"
48,33,lings,• “Sufism”: Religion in the Middle East (1969); ed.A.J. Arberry [S]
48,34,lings,• “Sufi Answers to Questions On Ultimate Reality”: Studies in Comparative Religions 1979 Summer/Autumn [SCR-SA]
48,35,lings,• “The Nature and Origin of Sufism”: Islamic Spirituality (1985) [NOS]
48,36,lings,"• “Mystical Poetry”: The Cambridge History of Arabic Literature, Vol.2 (1990) [MP]"
48,37,lings,LECTURES
48,38,lings,• “The Quranic Doctrine of the Afterlife” [L-QD]
48,39,lings,• “The Quranic Origins of Sufism” [L-QOS]
48,40,lings,• “Human Origins and Destinies According to the Great Religions of the World” [L-HOD]
48,41,lings,• “Metaphysics and the Perennial Philosophy” [L-MPP]
48,42,lings,• “An Introduction to Islam” [L-II]
48,43,lings,• “The Universality of the Quran” [L-UQ]
48,44,lings,• Private Talks [L-PT]
48,45,lings,Books without Quranic Ayaat
48,46,lings,• Collected Poems
48,47,lings,• Ancient Beliefs and Modern Superstitions
48,48,lings,• The Eleventh Hour
48,49,lings,• The Secret of Shakespeare
48,50,lings,Articles without Quranic Ayaat
48,51,lings,• “Signs of the Times”: Studies in Comparative Religions 1970 Winter
48,52,lings,"• “Ibn Aliwah” Encyclopedia of Islam, Second Edition"
48,53,lings,"• “Kabd” Encyclopedia of Islam, Second Edition"
49,1,lings,"The Arabs say: We believe. Say thou: Ye believe not. Say rather: ‘We have submitted’, for faith hath not entered your hearts.... [BC]"
49,2,lings,"The Arabs of the desert say: “We believe”. Say thou (Muhammad):”Ye believe not, but say rather “we submit” , for faith hath not yet entered your hearts. Yet if ye obey God and His Messenger, He will not withhold from you any reward that your deeds deserve. Verily God is Forgiving, Merciful”. [SS]"
49,3,lings,"The Arabs of the desert say: We have faith. Say thou: Faith ye have not, but say “we submit”, for faith hath not yet entered your hearts. And if ye obey God and His Messenger, He will in no wise withhold from you your meed for what ye do. [M]"
49,4,lings,Sources Used
49,5,lings,• Unpublished Material (1938-2005) [UM]
49,6,lings,BOOKS
49,7,lings,• The Book of Certainty (1952) [BC]
49,8,lings,• A Sufi Saint of the Twentieth Century (1961) [SS]
49,9,lings,• What is Sufism (1975) [WS]
49,10,lings,• The Quranic Art of Calligraphy and Illumination (1976) [QACI]
49,11,lings,• Muhammad (1983) [M]
49,12,lings,• Symbol and Archetype (1991) [SA]
49,13,lings,• Sufi Poems (2004) [SP]
49,14,lings,• Mecca (2004) [Mec.]
49,15,lings,• Return to the Spirit (2005) [RS]
49,16,lings,• Splendours of Qur’an Calligraphy and Illumination (2005) [SQCI]
49,17,lings,ARTICLES
49,18,lings,• “Proofs of Islam”(1954). Islamic Cultural Centre. [PI]
49,19,lings,"• “The Islamic and Christian Conceptions of the March of Time” (1954) The Islamic Quarterly, Vol.1 No.4. [ICCT]"
49,20,lings,"• “The Origins of Sufism (1956) The Islamic Quarterly, Vol.III No.1 [OS]"
49,21,lings,• “Sufism”: Religion in the Middle East (1969); ed.A.J. Arberry [S]
49,22,lings,• “Sufi Answers to Questions On Ultimate Reality”: Studies in Comparative Religions 1979 Summer/Autumn [SCR-SA]
49,23,lings,• “The Nature and Origin of Sufism”: Islamic Spirituality (1985) [NOS]
49,24,lings,"• “Mystical Poetry”: The Cambridge History of Arabic Literature, Vol.2 (1990) [MP]"
49,25,lings,LECTURES
49,26,lings,• “The Quranic Doctrine of the Afterlife” [L-QD]
49,27,lings,• “The Quranic Origins of Sufism” [L-QOS]
49,28,lings,• “Human Origins and Destinies According to the Great Religions of the World” [L-HOD]
49,29,lings,• “Metaphysics and the Perennial Philosophy” [L-MPP]
49,30,lings,• “An Introduction to Islam” [L-II]
49,31,lings,• “The Universality of the Quran” [L-UQ]
49,32,lings,• Private Talks [L-PT]
49,33,lings,Books without Quranic Ayaat
49,34,lings,• Collected Poems
49,35,lings,• Ancient Beliefs and Modern Superstitions
49,36,lings,• The Eleventh Hour
49,37,lings,• The Secret of Shakespeare
49,38,lings,Articles without Quranic Ayaat
49,39,lings,• “Signs of the Times”: Studies in Comparative Religions 1970 Winter
49,40,lings,"• “Ibn Aliwah” Encyclopedia of Islam, Second Edition"
49,41,lings,"• “Kabd” Encyclopedia of Islam, Second Edition"
50,1,lings,…We are nearer to him (man) than his jugular vein. [OS] [BC] [NOS] [SP] [L-QD] [L-QOS]
50,2,lings,…We (God) are nearer to him (man) than his jugular vein. [SS] [S] [WS] [SA]
50,3,lings,…who giveth ear with full intelligence. [SS]
50,4,lings,Sources Used
50,5,lings,• Unpublished Material (1938-2005) [UM]
50,6,lings,BOOKS
50,7,lings,• The Book of Certainty (1952) [BC]
50,8,lings,• A Sufi Saint of the Twentieth Century (1961) [SS]
50,9,lings,• What is Sufism (1975) [WS]
50,10,lings,• The Quranic Art of Calligraphy and Illumination (1976) [QACI]
50,11,lings,• Muhammad (1983) [M]
50,12,lings,• Symbol and Archetype (1991) [SA]
50,13,lings,• Sufi Poems (2004) [SP]
50,14,lings,• Mecca (2004) [Mec.]
50,15,lings,• Return to the Spirit (2005) [RS]
50,16,lings,• Splendours of Qur’an Calligraphy and Illumination (2005) [SQCI]
50,17,lings,ARTICLES
50,18,lings,• “Proofs of Islam”(1954). Islamic Cultural Centre. [PI]
50,19,lings,"• “The Islamic and Christian Conceptions of the March of Time” (1954) The Islamic Quarterly, Vol.1 No.4. [ICCT]"
50,20,lings,"• “The Origins of Sufism (1956) The Islamic Quarterly, Vol.III No.1 [OS]"
50,21,lings,• “Sufism”: Religion in the Middle East (1969); ed.A.J. Arberry [S]
50,22,lings,• “Sufi Answers to Questions On Ultimate Reality”: Studies in Comparative Religions 1979 Summer/Autumn [SCR-SA]
50,23,lings,• “The Nature and Origin of Sufism”: Islamic Spirituality (1985) [NOS]
50,24,lings,"• “Mystical Poetry”: The Cambridge History of Arabic Literature, Vol.2 (1990) [MP]"
50,25,lings,LECTURES
50,26,lings,• “The Quranic Doctrine of the Afterlife” [L-QD]
50,27,lings,• “The Quranic Origins of Sufism” [L-QOS]
50,28,lings,• “Human Origins and Destinies According to the Great Religions of the World” [L-HOD]
50,29,lings,• “Metaphysics and the Perennial Philosophy” [L-MPP]
50,30,lings,• “An Introduction to Islam” [L-II]
50,31,lings,• “The Universality of the Quran” [L-UQ]
50,32,lings,• Private Talks [L-PT]
50,33,lings,Books without Quranic Ayaat
50,34,lings,• Collected Poems
50,35,lings,• Ancient Beliefs and Modern Superstitions
50,36,lings,• The Eleventh Hour
50,37,lings,• The Secret of Shakespeare
50,38,lings,Articles without Quranic Ayaat
50,39,lings,• “Signs of the Times”: Studies in Comparative Religions 1970 Winter
50,40,lings,"• “Ibn Aliwah” Encyclopedia of Islam, Second Edition"
50,41,lings,"• “Kabd” Encyclopedia of Islam, Second Edition"
51,1,lings,Flee unto God.... [S] [WS]
51,2,lings,"Be a remembrancer, for verily remembrancing profiteth the believers. [SS]"
51,3,lings,I did not create jinn and men except that they should worship Me. [RS] [L-QD]
51,4,lings,Sources Used
51,5,lings,• Unpublished Material (1938-2005) [UM]
51,6,lings,BOOKS
51,7,lings,• The Book of Certainty (1952) [BC]
51,8,lings,• A Sufi Saint of the Twentieth Century (1961) [SS]
51,9,lings,• What is Sufism (1975) [WS]
51,10,lings,• The Quranic Art of Calligraphy and Illumination (1976) [QACI]
51,11,lings,• Muhammad (1983) [M]
51,12,lings,• Symbol and Archetype (1991) [SA]
51,13,lings,• Sufi Poems (2004) [SP]
51,14,lings,• Mecca (2004) [Mec.]
51,15,lings,• Return to the Spirit (2005) [RS]
51,16,lings,• Splendours of Qur’an Calligraphy and Illumination (2005) [SQCI]
51,17,lings,ARTICLES
51,18,lings,• “Proofs of Islam”(1954). Islamic Cultural Centre. [PI]
51,19,lings,"• “The Islamic and Christian Conceptions of the March of Time” (1954) The Islamic Quarterly, Vol.1 No.4. [ICCT]"
51,20,lings,"• “The Origins of Sufism (1956) The Islamic Quarterly, Vol.III No.1 [OS]"
51,21,lings,• “Sufism”: Religion in the Middle East (1969); ed.A.J. Arberry [S]
51,22,lings,• “Sufi Answers to Questions On Ultimate Reality”: Studies in Comparative Religions 1979 Summer/Autumn [SCR-SA]
51,23,lings,• “The Nature and Origin of Sufism”: Islamic Spirituality (1985) [NOS]
51,24,lings,"• “Mystical Poetry”: The Cambridge History of Arabic Literature, Vol.2 (1990) [MP]"
51,25,lings,LECTURES
51,26,lings,• “The Quranic Doctrine of the Afterlife” [L-QD]
51,27,lings,• “The Quranic Origins of Sufism” [L-QOS]
51,28,lings,• “Human Origins and Destinies According to the Great Religions of the World” [L-HOD]
51,29,lings,• “Metaphysics and the Perennial Philosophy” [L-MPP]
51,30,lings,• “An Introduction to Islam” [L-II]
51,31,lings,• “The Universality of the Quran” [L-UQ]
51,32,lings,• Private Talks [L-PT]
51,33,lings,Books without Quranic Ayaat
51,34,lings,• Collected Poems
51,35,lings,• Ancient Beliefs and Modern Superstitions
51,36,lings,• The Eleventh Hour
51,37,lings,• The Secret of Shakespeare
51,38,lings,Articles without Quranic Ayaat
51,39,lings,• “Signs of the Times”: Studies in Comparative Religions 1970 Winter
51,40,lings,"• “Ibn Aliwah” Encyclopedia of Islam, Second Edition"
51,41,lings,"• “Kabd” Encyclopedia of Islam, Second Edition"
52,1,lings,…verily thou art beneath Our Eyes.... [OS]
52,2,lings,"Wait patiently for the fulfillment of they Lord’s decree, for verily thou art in Our sight; and glorify thy Lord with praise when thou uprisest. [M]"
52,3,lings,"And glorify Him in the night, and at the dimming of the stars. [M]"
52,4,lings,Sources Used
52,5,lings,• Unpublished Material (1938-2005) [UM]
52,6,lings,BOOKS
52,7,lings,• The Book of Certainty (1952) [BC]
52,8,lings,• A Sufi Saint of the Twentieth Century (1961) [SS]
52,9,lings,• What is Sufism (1975) [WS]
52,10,lings,• The Quranic Art of Calligraphy and Illumination (1976) [QACI]
52,11,lings,• Muhammad (1983) [M]
52,12,lings,• Symbol and Archetype (1991) [SA]
52,13,lings,• Sufi Poems (2004) [SP]
52,14,lings,• Mecca (2004) [Mec.]
52,15,lings,• Return to the Spirit (2005) [RS]
52,16,lings,• Splendours of Qur’an Calligraphy and Illumination (2005) [SQCI]
52,17,lings,ARTICLES
52,18,lings,• “Proofs of Islam”(1954). Islamic Cultural Centre. [PI]
52,19,lings,"• “The Islamic and Christian Conceptions of the March of Time” (1954) The Islamic Quarterly, Vol.1 No.4. [ICCT]"
52,20,lings,"• “The Origins of Sufism (1956) The Islamic Quarterly, Vol.III No.1 [OS]"
52,21,lings,• “Sufism”: Religion in the Middle East (1969); ed.A.J. Arberry [S]
52,22,lings,• “Sufi Answers to Questions On Ultimate Reality”: Studies in Comparative Religions 1979 Summer/Autumn [SCR-SA]
52,23,lings,• “The Nature and Origin of Sufism”: Islamic Spirituality (1985) [NOS]
52,24,lings,"• “Mystical Poetry”: The Cambridge History of Arabic Literature, Vol.2 (1990) [MP]"
52,25,lings,LECTURES
52,26,lings,• “The Quranic Doctrine of the Afterlife” [L-QD]
52,27,lings,• “The Quranic Origins of Sufism” [L-QOS]
52,28,lings,• “Human Origins and Destinies According to the Great Religions of the World” [L-HOD]
52,29,lings,• “Metaphysics and the Perennial Philosophy” [L-MPP]
52,30,lings,• “An Introduction to Islam” [L-II]
52,31,lings,• “The Universality of the Quran” [L-UQ]
52,32,lings,• Private Talks [L-PT]
52,33,lings,Books without Quranic Ayaat
52,34,lings,• Collected Poems
52,35,lings,• Ancient Beliefs and Modern Superstitions
52,36,lings,• The Eleventh Hour
52,37,lings,• The Secret of Shakespeare
52,38,lings,Articles without Quranic Ayaat
52,39,lings,• “Signs of the Times”: Studies in Comparative Religions 1970 Winter
52,40,lings,"• “Ibn Aliwah” Encyclopedia of Islam, Second Edition"
52,41,lings,"• “Kabd” Encyclopedia of Islam, Second Edition"
53,1,lings,And verily he saw him at another revelation. [BC] [SS]
53,2,lings,Beside the lote-tree of the uttermost boundary. [BC]
53,3,lings,By the Lote Tree of the Uttermost End. [SS]
53,4,lings,Whereby is the Garden of Refuge. [BC]
53,5,lings,Even here is the Garden of Ultimate Refuge. [SS]
53,6,lings,When there enshrouded the lote-tree That Which enshroudeth. [BC] [SS] [M]
53,7,lings,"The sight wavered not, nor did it transgress. [BC]"
53,8,lings,The eye wavered not nor did it transgress. [SS] [M]
53,9,lings,"Verily he saw, of the Signs of his Lord, the Greatest. [BC]"
53,10,lings,"Verily he beheld, of all the signs of his Lord, the Greatest. [SS][M]"
53,11,lings,Thy Lord is the Uttermost end. [SS]
53,12,lings,Sources Used
53,13,lings,• Unpublished Material (1938-2005) [UM]
53,14,lings,BOOKS
53,15,lings,• The Book of Certainty (1952) [BC]
53,16,lings,• A Sufi Saint of the Twentieth Century (1961) [SS]
53,17,lings,• What is Sufism (1975) [WS]
53,18,lings,• The Quranic Art of Calligraphy and Illumination (1976) [QACI]
53,19,lings,• Muhammad (1983) [M]
53,20,lings,• Symbol and Archetype (1991) [SA]
53,21,lings,• Sufi Poems (2004) [SP]
53,22,lings,• Mecca (2004) [Mec.]
53,23,lings,• Return to the Spirit (2005) [RS]
53,24,lings,• Splendours of Qur’an Calligraphy and Illumination (2005) [SQCI]
53,25,lings,ARTICLES
53,26,lings,• “Proofs of Islam”(1954). Islamic Cultural Centre. [PI]
53,27,lings,"• “The Islamic and Christian Conceptions of the March of Time” (1954) The Islamic Quarterly, Vol.1 No.4. [ICCT]"
53,28,lings,"• “The Origins of Sufism (1956) The Islamic Quarterly, Vol.III No.1 [OS]"
53,29,lings,• “Sufism”: Religion in the Middle East (1969); ed.A.J. Arberry [S]
53,30,lings,• “Sufi Answers to Questions On Ultimate Reality”: Studies in Comparative Religions 1979 Summer/Autumn [SCR-SA]
53,31,lings,• “The Nature and Origin of Sufism”: Islamic Spirituality (1985) [NOS]
53,32,lings,"• “Mystical Poetry”: The Cambridge History of Arabic Literature, Vol.2 (1990) [MP]"
53,33,lings,LECTURES
53,34,lings,• “The Quranic Doctrine of the Afterlife” [L-QD]
53,35,lings,• “The Quranic Origins of Sufism” [L-QOS]
53,36,lings,• “Human Origins and Destinies According to the Great Religions of the World” [L-HOD]
53,37,lings,• “Metaphysics and the Perennial Philosophy” [L-MPP]
53,38,lings,• “An Introduction to Islam” [L-II]
53,39,lings,• “The Universality of the Quran” [L-UQ]
53,40,lings,• Private Talks [L-PT]
53,41,lings,Books without Quranic Ayaat
53,42,lings,• Collected Poems
53,43,lings,• Ancient Beliefs and Modern Superstitions
53,44,lings,• The Eleventh Hour
53,45,lings,• The Secret of Shakespeare
53,46,lings,Articles without Quranic Ayaat
53,47,lings,• “Signs of the Times”: Studies in Comparative Religions 1970 Winter
53,48,lings,"• “Ibn Aliwah” Encyclopedia of Islam, Second Edition"
53,49,lings,"• “Kabd” Encyclopedia of Islam, Second Edition"
54,1,lings,In the abode of truthfulness at the court of an Almighty King. [SS]
54,2,lings,Sources Used
54,3,lings,• Unpublished Material (1938-2005) [UM]
54,4,lings,BOOKS
54,5,lings,• The Book of Certainty (1952) [BC]
54,6,lings,• A Sufi Saint of the Twentieth Century (1961) [SS]
54,7,lings,• What is Sufism (1975) [WS]
54,8,lings,• The Quranic Art of Calligraphy and Illumination (1976) [QACI]
54,9,lings,• Muhammad (1983) [M]
54,10,lings,• Symbol and Archetype (1991) [SA]
54,11,lings,• Sufi Poems (2004) [SP]
54,12,lings,• Mecca (2004) [Mec.]
54,13,lings,• Return to the Spirit (2005) [RS]
54,14,lings,• Splendours of Qur’an Calligraphy and Illumination (2005) [SQCI]
54,15,lings,ARTICLES
54,16,lings,• “Proofs of Islam”(1954). Islamic Cultural Centre. [PI]
54,17,lings,"• “The Islamic and Christian Conceptions of the March of Time” (1954) The Islamic Quarterly, Vol.1 No.4. [ICCT]"
54,18,lings,"• “The Origins of Sufism (1956) The Islamic Quarterly, Vol.III No.1 [OS]"
54,19,lings,• “Sufism”: Religion in the Middle East (1969); ed.A.J. Arberry [S]
54,20,lings,• “Sufi Answers to Questions On Ultimate Reality”: Studies in Comparative Religions 1979 Summer/Autumn [SCR-SA]
54,21,lings,• “The Nature and Origin of Sufism”: Islamic Spirituality (1985) [NOS]
54,22,lings,"• “Mystical Poetry”: The Cambridge History of Arabic Literature, Vol.2 (1990) [MP]"
54,23,lings,LECTURES
54,24,lings,• “The Quranic Doctrine of the Afterlife” [L-QD]
54,25,lings,• “The Quranic Origins of Sufism” [L-QOS]
54,26,lings,• “Human Origins and Destinies According to the Great Religions of the World” [L-HOD]
54,27,lings,• “Metaphysics and the Perennial Philosophy” [L-MPP]
54,28,lings,• “An Introduction to Islam” [L-II]
54,29,lings,• “The Universality of the Quran” [L-UQ]
54,30,lings,• Private Talks [L-PT]
54,31,lings,Books without Quranic Ayaat
54,32,lings,• Collected Poems
54,33,lings,• Ancient Beliefs and Modern Superstitions
54,34,lings,• The Eleventh Hour
54,35,lings,• The Secret of Shakespeare
54,36,lings,Articles without Quranic Ayaat
54,37,lings,• “Signs of the Times”: Studies in Comparative Religions 1970 Winter
54,38,lings,"• “Ibn Aliwah” Encyclopedia of Islam, Second Edition"
54,39,lings,"• “Kabd” Encyclopedia of Islam, Second Edition"
55,1,lings,The God of Mercy All-Transcendent. [UM]
55,2,lings,The Infinitely-Good [QACI] [M] [SA] [SQCI]
55,3,lings,Hath taught the Qur’an. [UM]
55,4,lings,Taught the Koran. [QACI] [M] [SA] [SQCI]
55,5,lings,He hath created man. [UM]
55,6,lings,He hath taught him speech. [UM]
55,7,lings,The sun and the moon have their span. [UM]
55,8,lings,And the star and the tree do obeisance. [UM]
55,9,lings,The heaven hath He raised aloft; and He hath let down the scales. [UM]
55,10,lings,That ye transgress not in the measure. [UM]
55,11,lings,Set ye the weight right; nor come ye short of the measure. [UM]
55,12,lings,And the earth hath He laid down for mankind. [UM]
55,13,lings,Therein is fruit and the date palm bearing sheaths. [UM]
55,14,lings,And grains decked in greenery and odorous herbs. [UM]
55,15,lings,Which of your Lord’s boons will ye twain belie? [UM]
55,16,lings,He hath created man from clay even as earthenware. [UM]
55,17,lings,And He created the jinn from clear flame of fire. [UM]
55,18,lings,Which of your Lord’s boons will ye twain belie? [UM]
55,19,lings,"He is Lord of the two easts, and Lord of the two wests. [UM]"
55,20,lings,Which of your Lord’s boons will ye twain belie? [UM]
55,21,lings,"He hath let loose the two seas, and they meet each other. [UM]"
55,22,lings,He hath let loose the two seas; they come together. [SS]
55,23,lings,Between them is an isthmus: beyond it they trespass not. [UM]
55,24,lings,"But an isthmus is between them, and they encroach not beyond it. [SS]"
55,25,lings,Which of your Lord’s boons will ye twain belie? [UM]
55,26,lings,Forth from them come pearls great and small. [UM]
55,27,lings,Which of your Lord’s boons will ye twain belie? [UM]
55,28,lings,He hath ships towering aloft upon the sea like standards. [UM]
55,29,lings,Which of your Lord’s boons will ye twain belie? [UM]
55,30,lings,All that is thereon passeth away. [UM]
55,31,lings,Everyone therein (in the worlds of creation) passeth away. [WS]
55,32,lings,All that is therein suffereth extinction. [SS]
55,33,lings,All that is therein (in creation) passeth away. [S]
55,34,lings,All that is thereon suffereth extinction. [NOS]
55,35,lings,And the Face of thy Lord endureth forever in its Majesty and Bounty. [UM]
55,36,lings,And there remaineth the Face of thy Lord in Its Majesty and Bounty. [SS] [S] [WS][NOS]
55,37,lings,Eternal is the face of thy Lord in its Majesty and Bounty. [M]
55,38,lings,Which of your Lord’s boons will ye twain belie? [UM]
55,39,lings,He is petitioned by those who are in the heavens and on earth: every day bringeth He things to pass. [UM]
55,40,lings,Which of your Lord’s boons will ye twain belie? [UM]
55,41,lings,"We shall have leisure for you both, O ye heavy ones. [UM]"
55,42,lings,Which of your Lord’s boons will ye twain belie? [UM]
55,43,lings,"O band of jinn and men, if ye can pass beyond the limits of the Heavens and the earth, then pass! Yet shall ye not pass if ye have not the authority. [UM] [BC]"
55,44,lings,"…if you would pass beyond the boundary of Heaven and earth do so, but you cannot pass without authority. [L-MPP]"
55,45,lings,Which of your Lord’s boons will ye twain belie? [UM]
55,46,lings,"There shall be sent against you a flash of fire and brass, and ye shall not prevail. [UM]"
55,47,lings,Which of your Lord’s boons will ye twain belie? [UM]
55,48,lings,When the heaven shall be cleft and when it shall turn ruddy like oils? [UM]
55,49,lings,Which of your Lord’s boons will ye twain belie? [UM]
55,50,lings,"On that day no man shall be questioned as to his sins, neither shall any jinn. [UM]"
55,51,lings,Which of your Lord’s boons will ye twain belie? [UM]
55,52,lings,The guilty shall be known by their marks: seized shall they be by the forelock and the feet. [UM]
55,53,lings,Which of your Lord’s boons will ye twain belie? [UM]
55,54,lings,"This is Hell, which the guilty belied. [UM]"
55,55,lings,To and fro shall they pass between it and the scalding waters. [UM]
55,56,lings,Which of your Lord’s boons will ye twain belie? [UM]
55,57,lings,And for him that feareth the High Degree of his Lord there are two gardens. [UM] [BC]
55,58,lings,Which of your Lord’s boons will ye twain belie? [UM]
55,59,lings,Each aboundeth in green branches. [UM]
55,60,lings,Which of your Lord’s boons will ye twain belie? [UM]
55,61,lings,Therein are two fountains flowing. [UM] [BC]
55,62,lings,Which of your Lord’s boons will ye twain belie? [UM]
55,63,lings,Therein of every fruit there are two kinds. [UM]
55,64,lings,Therein of every fruit two kinds. [BC]
55,65,lings,Which of your Lord’s boons will ye twain belie? [UM]
55,66,lings,"Therein shall they rest upon beds lined with brocade of silver, and at hand shall be the fruits of the two gardens. [UM]"
55,67,lings,Which of your Lord’s boons will ye twain belie? [UM]
55,68,lings,Thereon are maidens shy of glance. Never until now were they deflowered by man or jinn. [UM]
55,69,lings,Which of your Lord’s boons will ye twain belie? [UM]
55,70,lings,"Even as the ruby are they, even as the finest pearl. [UM]"
55,71,lings,Which of your Lord’s boons will ye twain belie? [UM]
55,72,lings,What is the meed of excellence if it be not excellence? [UM]
55,73,lings,Which of your Lord’s boons will ye twain belie? [UM]
55,74,lings,And beyond them are two other gardens. [UM]
55,75,lings,And beyond these are two other gardens. [BC]
55,76,lings,Which of your Lord’s boons will ye twain belie? [UM]
55,77,lings,Of the deepest green are they. [UM]
55,78,lings,Which of your Lord’s boons will ye twain belie? [UM]
55,79,lings,Therein are two fountains gushing. [UM] [BC]
55,80,lings,Which of your Lord’s boons will ye twain belie? [UM]
55,81,lings,"Therein is fruit and the date palm, and the pomegranate. [UM] [BC]"
55,82,lings,Which of your Lord’s boons will ye twain belie? [UM]
55,83,lings,Therein are all-excelling lovely ones. [UM]
55,84,lings,Which of your Lord’s boons will ye twain belie? [UM]
55,85,lings,Huri’s secluded in the tents. [UM]
55,86,lings,Which of your Lord’s boons will ye twain belie? [UM]
55,87,lings,Never until now were they deflowered by man or jinn. [UM]
55,88,lings,Which of your Lord’s boons will ye twain belie? [UM]
55,89,lings,Therein shall they rest upon tissue of green and upon fabric rarest and loveliest. [UM]
55,90,lings,Which of your Lord’s boons will ye twain belie? [UM]
55,91,lings,Blessed be the Name of thy Lord in His Majesty and Bounty. [UM]
55,92,lings,Sources Used
55,93,lings,• Unpublished Material (1938-2005) [UM]
55,94,lings,BOOKS
55,95,lings,• The Book of Certainty (1952) [BC]
55,96,lings,• A Sufi Saint of the Twentieth Century (1961) [SS]
55,97,lings,• What is Sufism (1975) [WS]
55,98,lings,• The Quranic Art of Calligraphy and Illumination (1976) [QACI]
55,99,lings,• Muhammad (1983) [M]
55,100,lings,• Symbol and Archetype (1991) [SA]
55,101,lings,• Sufi Poems (2004) [SP]
55,102,lings,• Mecca (2004) [Mec.]
55,103,lings,• Return to the Spirit (2005) [RS]
55,104,lings,• Splendours of Qur’an Calligraphy and Illumination (2005) [SQCI]
55,105,lings,ARTICLES
55,106,lings,• “Proofs of Islam”(1954). Islamic Cultural Centre. [PI]
55,107,lings,"• “The Islamic and Christian Conceptions of the March of Time” (1954) The Islamic Quarterly, Vol.1 No.4. [ICCT]"
55,108,lings,"• “The Origins of Sufism (1956) The Islamic Quarterly, Vol.III No.1 [OS]"
55,109,lings,• “Sufism”: Religion in the Middle East (1969); ed.A.J. Arberry [S]
55,110,lings,• “Sufi Answers to Questions On Ultimate Reality”: Studies in Comparative Religions 1979 Summer/Autumn [SCR-SA]
55,111,lings,• “The Nature and Origin of Sufism”: Islamic Spirituality (1985) [NOS]
55,112,lings,"• “Mystical Poetry”: The Cambridge History of Arabic Literature, Vol.2 (1990) [MP]"
55,113,lings,LECTURES
55,114,lings,• “The Quranic Doctrine of the Afterlife” [L-QD]
55,115,lings,• “The Quranic Origins of Sufism” [L-QOS]
55,116,lings,• “Human Origins and Destinies According to the Great Religions of the World” [L-HOD]
55,117,lings,• “Metaphysics and the Perennial Philosophy” [L-MPP]
55,118,lings,• “An Introduction to Islam” [L-II]
55,119,lings,• “The Universality of the Quran” [L-UQ]
55,120,lings,• Private Talks [L-PT]
55,121,lings,Books without Quranic Ayaat
55,122,lings,• Collected Poems
55,123,lings,• Ancient Beliefs and Modern Superstitions
55,124,lings,• The Eleventh Hour
55,125,lings,• The Secret of Shakespeare
55,126,lings,Articles without Quranic Ayaat
55,127,lings,• “Signs of the Times”: Studies in Comparative Religions 1970 Winter
55,128,lings,"• “Ibn Aliwah” Encyclopedia of Islam, Second Edition"
55,129,lings,"• “Kabd” Encyclopedia of Islam, Second Edition"
56,1,lings,The foremost in excellence. [ICCT]
56,2,lings,The Foremost are the Foremost. [SS]
56,3,lings,It is they who are brought nigh. [SS]
56,4,lings,Those who are brought near to God. [L-QD]
56,5,lings,They are those who are brought near. [L-QOS]
56,6,lings,A multitude of those of old. [ICCT]
56,7,lings,Many among the earlier generations. [SS] [RS]
56,8,lings,Many amongst the first generations. [WS]
56,9,lings,Many in former generations. [L-QD]
56,10,lings,And a few of those of the later time. [ICCT]
56,11,lings,And few among the later generations. [SS] [RS]
56,12,lings,And few amongst the later generations [WS]
56,13,lings,And few in later generations. [L-QD]
56,14,lings,"Therein (in Paradise) hear they no vain word, nor any incitement to sin. [UM]"
56,15,lings,There (in the Garden of Paradise) they shall hear no idle speaking nor any incitement to evil. [UM]
56,16,lings,They hear no vain talk or incitement to evil. [UM]
56,17,lings,"Only the utterance: Peace, Peace. [UM]"
56,18,lings,But only the word; Peace. Peace.[UM]
56,19,lings,Only the word: Peace.Peace.[UM]
56,20,lings,Those on the right hand. [ICCT]
56,21,lings,The Companions of the Right. [SS]
56,22,lings,A multitude of those of old. [ICCT]
56,23,lings,Many among the earlier generations. [SS]
56,24,lings,Many among the first. [SS]
56,25,lings,Many in early generations. [L-QD]
56,26,lings,And a multitude of those of later time. [ICCT]
56,27,lings,And many among the later generations. [SS]
56,28,lings,And many among the last. [RS]
56,29,lings,And many in later generations. [L-QD]
56,30,lings,The companions of the Left.... [SS]
56,31,lings,Verily this is an all-bountiful recitation. [QACI]
56,32,lings,Verily it is an all-bountiful utterance.[SQCI]
56,33,lings,In a hidden book. [QACI] [SQCI]
56,34,lings,Which none toucheth save the purified. [QACI]
56,35,lings,Touched by none save the purified. [SQCI]
56,36,lings,A revelation from the Lord of the worlds. [QACI] [SQCI]
56,37,lings,"We are nearer to him than ye are, although ye see not. [SS]"
56,38,lings,We are nearer to him (the dying man about whom ye are gathered) than ye are but ye see not. [NOS]
56,39,lings,Sources Used
56,40,lings,• Unpublished Material (1938-2005) [UM]
56,41,lings,BOOKS
56,42,lings,• The Book of Certainty (1952) [BC]
56,43,lings,• A Sufi Saint of the Twentieth Century (1961) [SS]
56,44,lings,• What is Sufism (1975) [WS]
56,45,lings,• The Quranic Art of Calligraphy and Illumination (1976) [QACI]
56,46,lings,• Muhammad (1983) [M]
56,47,lings,• Symbol and Archetype (1991) [SA]
56,48,lings,• Sufi Poems (2004) [SP]
56,49,lings,• Mecca (2004) [Mec.]
56,50,lings,• Return to the Spirit (2005) [RS]
56,51,lings,• Splendours of Qur’an Calligraphy and Illumination (2005) [SQCI]
56,52,lings,ARTICLES
56,53,lings,• “Proofs of Islam”(1954). Islamic Cultural Centre. [PI]
56,54,lings,"• “The Islamic and Christian Conceptions of the March of Time” (1954) The Islamic Quarterly, Vol.1 No.4. [ICCT]"
56,55,lings,"• “The Origins of Sufism (1956) The Islamic Quarterly, Vol.III No.1 [OS]"
56,56,lings,• “Sufism”: Religion in the Middle East (1969); ed.A.J. Arberry [S]
56,57,lings,• “Sufi Answers to Questions On Ultimate Reality”: Studies in Comparative Religions 1979 Summer/Autumn [SCR-SA]
56,58,lings,• “The Nature and Origin of Sufism”: Islamic Spirituality (1985) [NOS]
56,59,lings,"• “Mystical Poetry”: The Cambridge History of Arabic Literature, Vol.2 (1990) [MP]"
56,60,lings,LECTURES
56,61,lings,• “The Quranic Doctrine of the Afterlife” [L-QD]
56,62,lings,• “The Quranic Origins of Sufism” [L-QOS]
56,63,lings,• “Human Origins and Destinies According to the Great Religions of the World” [L-HOD]
56,64,lings,• “Metaphysics and the Perennial Philosophy” [L-MPP]
56,65,lings,• “An Introduction to Islam” [L-II]
56,66,lings,• “The Universality of the Quran” [L-UQ]
56,67,lings,• Private Talks [L-PT]
56,68,lings,Books without Quranic Ayaat
56,69,lings,• Collected Poems
56,70,lings,• Ancient Beliefs and Modern Superstitions
56,71,lings,• The Eleventh Hour
56,72,lings,• The Secret of Shakespeare
56,73,lings,Articles without Quranic Ayaat
56,74,lings,• “Signs of the Times”: Studies in Comparative Religions 1970 Winter
56,75,lings,"• “Ibn Aliwah” Encyclopedia of Islam, Second Edition"
56,76,lings,"• “Kabd” Encyclopedia of Islam, Second Edition"
57,1,lings,He is the First and the Last and the Outward and the Inward and He has knowledge of all things. [UM]
57,2,lings,He is the First and the Last and the Outwardly Manifest and the Inwardly Hidden… [SS] [S] [SA]
57,3,lings,He is the First and the Last and the Outward and the Inward… [WS] [QACI] [RS] [SQCI]
57,4,lings,…He is with you wheresoe’er ye be.... [SS]
57,5,lings,Who will lend unto God a goodly loan that He may double it for him and add thereunto a bountiful reward. [WS]
57,6,lings,…a long length of time passed over them so that their hearts were hardened.... [RS]
57,7,lings,…that their hearts were hardened… [L-II]
57,8,lings,Sources Used
57,9,lings,• Unpublished Material (1938-2005) [UM]
57,10,lings,BOOKS
57,11,lings,• The Book of Certainty (1952) [BC]
57,12,lings,• A Sufi Saint of the Twentieth Century (1961) [SS]
57,13,lings,• What is Sufism (1975) [WS]
57,14,lings,• The Quranic Art of Calligraphy and Illumination (1976) [QACI]
57,15,lings,• Muhammad (1983) [M]
57,16,lings,• Symbol and Archetype (1991) [SA]
57,17,lings,• Sufi Poems (2004) [SP]
57,18,lings,• Mecca (2004) [Mec.]
57,19,lings,• Return to the Spirit (2005) [RS]
57,20,lings,• Splendours of Qur’an Calligraphy and Illumination (2005) [SQCI]
57,21,lings,ARTICLES
57,22,lings,• “Proofs of Islam”(1954). Islamic Cultural Centre. [PI]
57,23,lings,"• “The Islamic and Christian Conceptions of the March of Time” (1954) The Islamic Quarterly, Vol.1 No.4. [ICCT]"
57,24,lings,"• “The Origins of Sufism (1956) The Islamic Quarterly, Vol.III No.1 [OS]"
57,25,lings,• “Sufism”: Religion in the Middle East (1969); ed.A.J. Arberry [S]
57,26,lings,• “Sufi Answers to Questions On Ultimate Reality”: Studies in Comparative Religions 1979 Summer/Autumn [SCR-SA]
57,27,lings,• “The Nature and Origin of Sufism”: Islamic Spirituality (1985) [NOS]
57,28,lings,"• “Mystical Poetry”: The Cambridge History of Arabic Literature, Vol.2 (1990) [MP]"
57,29,lings,LECTURES
57,30,lings,• “The Quranic Doctrine of the Afterlife” [L-QD]
57,31,lings,• “The Quranic Origins of Sufism” [L-QOS]
57,32,lings,• “Human Origins and Destinies According to the Great Religions of the World” [L-HOD]
57,33,lings,• “Metaphysics and the Perennial Philosophy” [L-MPP]
57,34,lings,• “An Introduction to Islam” [L-II]
57,35,lings,• “The Universality of the Quran” [L-UQ]
57,36,lings,• Private Talks [L-PT]
57,37,lings,Books without Quranic Ayaat
57,38,lings,• Collected Poems
57,39,lings,• Ancient Beliefs and Modern Superstitions
57,40,lings,• The Eleventh Hour
57,41,lings,• The Secret of Shakespeare
57,42,lings,Articles without Quranic Ayaat
57,43,lings,• “Signs of the Times”: Studies in Comparative Religions 1970 Winter
57,44,lings,"• “Ibn Aliwah” Encyclopedia of Islam, Second Edition"
57,45,lings,"• “Kabd” Encyclopedia of Islam, Second Edition"
58,1,lings,No Translation exists for this surah.
59,1,lings,…the poor emigrants who have been driven from their homes.... [M]
59,2,lings,"…ill feeling is rife amongst them. Thou countest them as one whole, but their hearts are divided.... [M]"
59,3,lings,"If We caused this Qoran to descend upon a mountain, thou wouldst see the mountain lying prostrate with humility, rent asunder through fear of God.... [SS]"
59,4,lings,"If We had sent down this Qur’an upon a mountain, thou wouldst have seen it lying prostrate in humility, rent asunder through fear of God.... [QACI] [SQCI]"
59,5,lings,"If We sent down this Koran upon a mountain, thou wouldst see it prostrate in humility, rent asunder through fear of God.... [M]"
59,6,lings,"If We had sent down this Quran upon a mountain, thou wouldst have seen it humbled, split asunder out of the fear of God.... [NOS]"
59,7,lings,"If We had sent down this Qur’an upon a mountain, thou wouldst have seen it lying prostrate in humility, rent asunder through fear of God.... [SA]"
59,8,lings,"If We had sent down this Qur’an upon a mountain, thou wouldst have seen it humbled, split asunder through fear of God. We coin such similitudes for men, that they may meditate. [L-QOS]"
59,9,lings,Sources Used
59,10,lings,• Unpublished Material (1938-2005) [UM]
59,11,lings,BOOKS
59,12,lings,• The Book of Certainty (1952) [BC]
59,13,lings,• A Sufi Saint of the Twentieth Century (1961) [SS]
59,14,lings,• What is Sufism (1975) [WS]
59,15,lings,• The Quranic Art of Calligraphy and Illumination (1976) [QACI]
59,16,lings,• Muhammad (1983) [M]
59,17,lings,• Symbol and Archetype (1991) [SA]
59,18,lings,• Sufi Poems (2004) [SP]
59,19,lings,• Mecca (2004) [Mec.]
59,20,lings,• Return to the Spirit (2005) [RS]
59,21,lings,• Splendours of Qur’an Calligraphy and Illumination (2005) [SQCI]
59,22,lings,ARTICLES
59,23,lings,• “Proofs of Islam”(1954). Islamic Cultural Centre. [PI]
59,24,lings,"• “The Islamic and Christian Conceptions of the March of Time” (1954) The Islamic Quarterly, Vol.1 No.4. [ICCT]"
59,25,lings,"• “The Origins of Sufism (1956) The Islamic Quarterly, Vol.III No.1 [OS]"
59,26,lings,• “Sufism”: Religion in the Middle East (1969); ed.A.J. Arberry [S]
59,27,lings,• “Sufi Answers to Questions On Ultimate Reality”: Studies in Comparative Religions 1979 Summer/Autumn [SCR-SA]
59,28,lings,• “The Nature and Origin of Sufism”: Islamic Spirituality (1985) [NOS]
59,29,lings,"• “Mystical Poetry”: The Cambridge History of Arabic Literature, Vol.2 (1990) [MP]"
59,30,lings,LECTURES
59,31,lings,• “The Quranic Doctrine of the Afterlife” [L-QD]
59,32,lings,• “The Quranic Origins of Sufism” [L-QOS]
59,33,lings,• “Human Origins and Destinies According to the Great Religions of the World” [L-HOD]
59,34,lings,• “Metaphysics and the Perennial Philosophy” [L-MPP]
59,35,lings,• “An Introduction to Islam” [L-II]
59,36,lings,• “The Universality of the Quran” [L-UQ]
59,37,lings,• Private Talks [L-PT]
59,38,lings,Books without Quranic Ayaat
59,39,lings,• Collected Poems
59,40,lings,• Ancient Beliefs and Modern Superstitions
59,41,lings,• The Eleventh Hour
59,42,lings,• The Secret of Shakespeare
59,43,lings,Articles without Quranic Ayaat
59,44,lings,• “Signs of the Times”: Studies in Comparative Religions 1970 Winter
59,45,lings,"• “Ibn Aliwah” Encyclopedia of Islam, Second Edition"
59,46,lings,"• “Kabd” Encyclopedia of Islam, Second Edition"
60,1,lings,It may be that God will establish love between you and those with whom ye are at enmity.... [M]
60,2,lings,Sources Used
60,3,lings,• Unpublished Material (1938-2005) [UM]
60,4,lings,BOOKS
60,5,lings,• The Book of Certainty (1952) [BC]
60,6,lings,• A Sufi Saint of the Twentieth Century (1961) [SS]
60,7,lings,• What is Sufism (1975) [WS]
60,8,lings,• The Quranic Art of Calligraphy and Illumination (1976) [QACI]
60,9,lings,• Muhammad (1983) [M]
60,10,lings,• Symbol and Archetype (1991) [SA]
60,11,lings,• Sufi Poems (2004) [SP]
60,12,lings,• Mecca (2004) [Mec.]
60,13,lings,• Return to the Spirit (2005) [RS]
60,14,lings,• Splendours of Qur’an Calligraphy and Illumination (2005) [SQCI]
60,15,lings,ARTICLES
60,16,lings,• “Proofs of Islam”(1954). Islamic Cultural Centre. [PI]
60,17,lings,"• “The Islamic and Christian Conceptions of the March of Time” (1954) The Islamic Quarterly, Vol.1 No.4. [ICCT]"
60,18,lings,"• “The Origins of Sufism (1956) The Islamic Quarterly, Vol.III No.1 [OS]"
60,19,lings,• “Sufism”: Religion in the Middle East (1969); ed.A.J. Arberry [S]
60,20,lings,• “Sufi Answers to Questions On Ultimate Reality”: Studies in Comparative Religions 1979 Summer/Autumn [SCR-SA]
60,21,lings,• “The Nature and Origin of Sufism”: Islamic Spirituality (1985) [NOS]
60,22,lings,"• “Mystical Poetry”: The Cambridge History of Arabic Literature, Vol.2 (1990) [MP]"
60,23,lings,LECTURES
60,24,lings,• “The Quranic Doctrine of the Afterlife” [L-QD]
60,25,lings,• “The Quranic Origins of Sufism” [L-QOS]
60,26,lings,• “Human Origins and Destinies According to the Great Religions of the World” [L-HOD]
60,27,lings,• “Metaphysics and the Perennial Philosophy” [L-MPP]
60,28,lings,• “An Introduction to Islam” [L-II]
60,29,lings,• “The Universality of the Quran” [L-UQ]
60,30,lings,• Private Talks [L-PT]
60,31,lings,Books without Quranic Ayaat
60,32,lings,• Collected Poems
60,33,lings,• Ancient Beliefs and Modern Superstitions
60,34,lings,• The Eleventh Hour
60,35,lings,• The Secret of Shakespeare
60,36,lings,Articles without Quranic Ayaat
60,37,lings,• “Signs of the Times”: Studies in Comparative Religions 1970 Winter
60,38,lings,"• “Ibn Aliwah” Encyclopedia of Islam, Second Edition"
60,39,lings,"• “Kabd” Encyclopedia of Islam, Second Edition"
61,1,lings,Verily God loveth those who fight for His cause in ranks as if they were a close-built block. [M]
61,2,lings,"He it is who has sent His Messenger with the guidance and the Religion of Truth, that He may make it prevail over all religion, though the idolaters be averse. [L-UQ]"
61,3,lings,Sources Used
61,4,lings,• Unpublished Material (1938-2005) [UM]
61,5,lings,BOOKS
61,6,lings,• The Book of Certainty (1952) [BC]
61,7,lings,• A Sufi Saint of the Twentieth Century (1961) [SS]
61,8,lings,• What is Sufism (1975) [WS]
61,9,lings,• The Quranic Art of Calligraphy and Illumination (1976) [QACI]
61,10,lings,• Muhammad (1983) [M]
61,11,lings,• Symbol and Archetype (1991) [SA]
61,12,lings,• Sufi Poems (2004) [SP]
61,13,lings,• Mecca (2004) [Mec.]
61,14,lings,• Return to the Spirit (2005) [RS]
61,15,lings,• Splendours of Qur’an Calligraphy and Illumination (2005) [SQCI]
61,16,lings,ARTICLES
61,17,lings,• “Proofs of Islam”(1954). Islamic Cultural Centre. [PI]
61,18,lings,"• “The Islamic and Christian Conceptions of the March of Time” (1954) The Islamic Quarterly, Vol.1 No.4. [ICCT]"
61,19,lings,"• “The Origins of Sufism (1956) The Islamic Quarterly, Vol.III No.1 [OS]"
61,20,lings,• “Sufism”: Religion in the Middle East (1969); ed.A.J. Arberry [S]
61,21,lings,• “Sufi Answers to Questions On Ultimate Reality”: Studies in Comparative Religions 1979 Summer/Autumn [SCR-SA]
61,22,lings,• “The Nature and Origin of Sufism”: Islamic Spirituality (1985) [NOS]
61,23,lings,"• “Mystical Poetry”: The Cambridge History of Arabic Literature, Vol.2 (1990) [MP]"
61,24,lings,LECTURES
61,25,lings,• “The Quranic Doctrine of the Afterlife” [L-QD]
61,26,lings,• “The Quranic Origins of Sufism” [L-QOS]
61,27,lings,• “Human Origins and Destinies According to the Great Religions of the World” [L-HOD]
61,28,lings,• “Metaphysics and the Perennial Philosophy” [L-MPP]
61,29,lings,• “An Introduction to Islam” [L-II]
61,30,lings,• “The Universality of the Quran” [L-UQ]
61,31,lings,• Private Talks [L-PT]
61,32,lings,Books without Quranic Ayaat
61,33,lings,• Collected Poems
61,34,lings,• Ancient Beliefs and Modern Superstitions
61,35,lings,• The Eleventh Hour
61,36,lings,• The Secret of Shakespeare
61,37,lings,Articles without Quranic Ayaat
61,38,lings,• “Signs of the Times”: Studies in Comparative Religions 1970 Winter
61,39,lings,"• “Ibn Aliwah” Encyclopedia of Islam, Second Edition"
61,40,lings,"• “Kabd” Encyclopedia of Islam, Second Edition"
62,1,lings,No Translation exists for this surah.
63,1,lings,…let neither your possessions nor children divert you from the remembrance of God.... [SS]
63,2,lings,Sources Used
63,3,lings,• Unpublished Material (1938-2005) [UM]
63,4,lings,BOOKS
63,5,lings,• The Book of Certainty (1952) [BC]
63,6,lings,• A Sufi Saint of the Twentieth Century (1961) [SS]
63,7,lings,• What is Sufism (1975) [WS]
63,8,lings,• The Quranic Art of Calligraphy and Illumination (1976) [QACI]
63,9,lings,• Muhammad (1983) [M]
63,10,lings,• Symbol and Archetype (1991) [SA]
63,11,lings,• Sufi Poems (2004) [SP]
63,12,lings,• Mecca (2004) [Mec.]
63,13,lings,• Return to the Spirit (2005) [RS]
63,14,lings,• Splendours of Qur’an Calligraphy and Illumination (2005) [SQCI]
63,15,lings,ARTICLES
63,16,lings,• “Proofs of Islam”(1954). Islamic Cultural Centre. [PI]
63,17,lings,"• “The Islamic and Christian Conceptions of the March of Time” (1954) The Islamic Quarterly, Vol.1 No.4. [ICCT]"
63,18,lings,"• “The Origins of Sufism (1956) The Islamic Quarterly, Vol.III No.1 [OS]"
63,19,lings,• “Sufism”: Religion in the Middle East (1969); ed.A.J. Arberry [S]
63,20,lings,• “Sufi Answers to Questions On Ultimate Reality”: Studies in Comparative Religions 1979 Summer/Autumn [SCR-SA]
63,21,lings,• “The Nature and Origin of Sufism”: Islamic Spirituality (1985) [NOS]
63,22,lings,"• “Mystical Poetry”: The Cambridge History of Arabic Literature, Vol.2 (1990) [MP]"
63,23,lings,LECTURES
63,24,lings,• “The Quranic Doctrine of the Afterlife” [L-QD]
63,25,lings,• “The Quranic Origins of Sufism” [L-QOS]
63,26,lings,• “Human Origins and Destinies According to the Great Religions of the World” [L-HOD]
63,27,lings,• “Metaphysics and the Perennial Philosophy” [L-MPP]
63,28,lings,• “An Introduction to Islam” [L-II]
63,29,lings,• “The Universality of the Quran” [L-UQ]
63,30,lings,• Private Talks [L-PT]
63,31,lings,Books without Quranic Ayaat
63,32,lings,• Collected Poems
63,33,lings,• Ancient Beliefs and Modern Superstitions
63,34,lings,• The Eleventh Hour
63,35,lings,• The Secret of Shakespeare
63,36,lings,Articles without Quranic Ayaat
63,37,lings,• “Signs of the Times”: Studies in Comparative Religions 1970 Winter
63,38,lings,"• “Ibn Aliwah” Encyclopedia of Islam, Second Edition"
63,39,lings,"• “Kabd” Encyclopedia of Islam, Second Edition"
64,1,lings,No Translation exists for this surah.
65,1,lings,No Translation exists for this surah.
66,1,lings,"O Prophet why bannest thou, to please thy wives, that which God hath made lawful unto thee?.... [M]"
66,2,lings,"If ye twain repent unto God ye have cause, for your hearts were set upon the ban; and if ye aid each the other against him, verily God, even He, is his Protecting Friend, and Gabriel, and the elect of the faithful; and beyond these, the angels are massed to help him. [M]"
66,3,lings,"It may be, if he divorce you, that his Lord will give him wives in your stead who are better than you, submissive unto God, believing, devout, penitent, inclined unto worship and fasting, widows and virgin maids. [M]"
66,4,lings,"God citeth as an example for those who disbelieve, the wife of Noah and the wife of Lot. They were under two righteous men from amongst Our slaves, men whom they betrayed and who thus availed them naught against God; and it was said unto both; Enter ye the fire with them who enter it. [M]"
66,5,lings,"And God citeth as example for those who believe the wife of Pharaoh when she said: “My Lord, build for me a dwelling unto Thee in Paradise, and save me from Pharaoh and his deeds, and save me from the people who transgress”. [M]"
66,6,lings,"And Maryam, daughter of Imran, who kept intact her virginity; and We breathed into her of Our Spirit; and she believed in the Words of her Lord and in His Books, and was one of those who are absorbed in Invocation. [UM]"
66,7,lings,"(God citeth as example) Maryam, daughter of Imran, who kept inviolate her virginity; and We breathed therein of Our Spirit; and she accepted the Words of her Lord and His Books; and she was of those who are absorbed in the orison. [UM]"
66,8,lings,"And Mary, the daughter of ‘Imran, who kept chaste her womb and We breathed therein of Our Spirit. And she testified to the truth of the words of her Lord and His scriptures, and was of those who are absorbed in prayer. [M]"
66,9,lings,Sources Used
66,10,lings,• Unpublished Material (1938-2005) [UM]
66,11,lings,BOOKS
66,12,lings,• The Book of Certainty (1952) [BC]
66,13,lings,• A Sufi Saint of the Twentieth Century (1961) [SS]
66,14,lings,• What is Sufism (1975) [WS]
66,15,lings,• The Quranic Art of Calligraphy and Illumination (1976) [QACI]
66,16,lings,• Muhammad (1983) [M]
66,17,lings,• Symbol and Archetype (1991) [SA]
66,18,lings,• Sufi Poems (2004) [SP]
66,19,lings,• Mecca (2004) [Mec.]
66,20,lings,• Return to the Spirit (2005) [RS]
66,21,lings,• Splendours of Qur’an Calligraphy and Illumination (2005) [SQCI]
66,22,lings,ARTICLES
66,23,lings,• “Proofs of Islam”(1954). Islamic Cultural Centre. [PI]
66,24,lings,"• “The Islamic and Christian Conceptions of the March of Time” (1954) The Islamic Quarterly, Vol.1 No.4. [ICCT]"
66,25,lings,"• “The Origins of Sufism (1956) The Islamic Quarterly, Vol.III No.1 [OS]"
66,26,lings,• “Sufism”: Religion in the Middle East (1969); ed.A.J. Arberry [S]
66,27,lings,• “Sufi Answers to Questions On Ultimate Reality”: Studies in Comparative Religions 1979 Summer/Autumn [SCR-SA]
66,28,lings,• “The Nature and Origin of Sufism”: Islamic Spirituality (1985) [NOS]
66,29,lings,"• “Mystical Poetry”: The Cambridge History of Arabic Literature, Vol.2 (1990) [MP]"
66,30,lings,LECTURES
66,31,lings,• “The Quranic Doctrine of the Afterlife” [L-QD]
66,32,lings,• “The Quranic Origins of Sufism” [L-QOS]
66,33,lings,• “Human Origins and Destinies According to the Great Religions of the World” [L-HOD]
66,34,lings,• “Metaphysics and the Perennial Philosophy” [L-MPP]
66,35,lings,• “An Introduction to Islam” [L-II]
66,36,lings,• “The Universality of the Quran” [L-UQ]
66,37,lings,• Private Talks [L-PT]
66,38,lings,Books without Quranic Ayaat
66,39,lings,• Collected Poems
66,40,lings,• Ancient Beliefs and Modern Superstitions
66,41,lings,• The Eleventh Hour
66,42,lings,• The Secret of Shakespeare
66,43,lings,Articles without Quranic Ayaat
66,44,lings,• “Signs of the Times”: Studies in Comparative Religions 1970 Winter
66,45,lings,"• “Ibn Aliwah” Encyclopedia of Islam, Second Edition"
66,46,lings,"• “Kabd” Encyclopedia of Islam, Second Edition"
67,1,lings,No Translation exists for this surah.
68,1,lings,"Nun. By the pen, and by that which they write. [M]"
68,2,lings,"No madman art thou, through the grace of thy Lord unto thee. [M]"
68,3,lings,And thine shall be a meed unfailing. [M]
68,4,lings,And verily thou art (O Prophet) of an immense nature. [UM]
68,5,lings,Verily thou art of a tremendous nature. [PI] [SS]
68,6,lings,Verily thou art beyond all doubt of a nature of wondrous magnitude. [QACI]
68,7,lings,And verily of an immense magnitude is thy nature. [SCR-SA][M] [SA] [RS] [SQCI] [L-QOS]
68,8,lings,Sources Used
68,9,lings,• Unpublished Material (1938-2005) [UM]
68,10,lings,BOOKS
68,11,lings,• The Book of Certainty (1952) [BC]
68,12,lings,• A Sufi Saint of the Twentieth Century (1961) [SS]
68,13,lings,• What is Sufism (1975) [WS]
68,14,lings,• The Quranic Art of Calligraphy and Illumination (1976) [QACI]
68,15,lings,• Muhammad (1983) [M]
68,16,lings,• Symbol and Archetype (1991) [SA]
68,17,lings,• Sufi Poems (2004) [SP]
68,18,lings,• Mecca (2004) [Mec.]
68,19,lings,• Return to the Spirit (2005) [RS]
68,20,lings,• Splendours of Qur’an Calligraphy and Illumination (2005) [SQCI]
68,21,lings,ARTICLES
68,22,lings,• “Proofs of Islam”(1954). Islamic Cultural Centre. [PI]
68,23,lings,"• “The Islamic and Christian Conceptions of the March of Time” (1954) The Islamic Quarterly, Vol.1 No.4. [ICCT]"
68,24,lings,"• “The Origins of Sufism (1956) The Islamic Quarterly, Vol.III No.1 [OS]"
68,25,lings,• “Sufism”: Religion in the Middle East (1969); ed.A.J. Arberry [S]
68,26,lings,• “Sufi Answers to Questions On Ultimate Reality”: Studies in Comparative Religions 1979 Summer/Autumn [SCR-SA]
68,27,lings,• “The Nature and Origin of Sufism”: Islamic Spirituality (1985) [NOS]
68,28,lings,"• “Mystical Poetry”: The Cambridge History of Arabic Literature, Vol.2 (1990) [MP]"
68,29,lings,LECTURES
68,30,lings,• “The Quranic Doctrine of the Afterlife” [L-QD]
68,31,lings,• “The Quranic Origins of Sufism” [L-QOS]
68,32,lings,• “Human Origins and Destinies According to the Great Religions of the World” [L-HOD]
68,33,lings,• “Metaphysics and the Perennial Philosophy” [L-MPP]
68,34,lings,• “An Introduction to Islam” [L-II]
68,35,lings,• “The Universality of the Quran” [L-UQ]
68,36,lings,• Private Talks [L-PT]
68,37,lings,Books without Quranic Ayaat
68,38,lings,• Collected Poems
68,39,lings,• Ancient Beliefs and Modern Superstitions
68,40,lings,• The Eleventh Hour
68,41,lings,• The Secret of Shakespeare
68,42,lings,Articles without Quranic Ayaat
68,43,lings,• “Signs of the Times”: Studies in Comparative Religions 1970 Winter
68,44,lings,"• “Ibn Aliwah” Encyclopedia of Islam, Second Edition"
68,45,lings,"• “Kabd” Encyclopedia of Islam, Second Edition"
69,1,lings,No Translation exists for this surah.
70,1,lings,No Translation exists for this surah.
71,1,lings,No Translation exists for this surah.
72,1,lings,"Say: it hath been revealed unto me that a company of the jinn gave ear, and then said: Verily we have heard a wondrous recitation. [M]"
72,2,lings,"Which guideth unto rightness, and we believe in it.... [M]"
72,3,lings,Sources Used
72,4,lings,• Unpublished Material (1938-2005) [UM]
72,5,lings,BOOKS
72,6,lings,• The Book of Certainty (1952) [BC]
72,7,lings,• A Sufi Saint of the Twentieth Century (1961) [SS]
72,8,lings,• What is Sufism (1975) [WS]
72,9,lings,• The Quranic Art of Calligraphy and Illumination (1976) [QACI]
72,10,lings,• Muhammad (1983) [M]
72,11,lings,• Symbol and Archetype (1991) [SA]
72,12,lings,• Sufi Poems (2004) [SP]
72,13,lings,• Mecca (2004) [Mec.]
72,14,lings,• Return to the Spirit (2005) [RS]
72,15,lings,• Splendours of Qur’an Calligraphy and Illumination (2005) [SQCI]
72,16,lings,ARTICLES
72,17,lings,• “Proofs of Islam”(1954). Islamic Cultural Centre. [PI]
72,18,lings,"• “The Islamic and Christian Conceptions of the March of Time” (1954) The Islamic Quarterly, Vol.1 No.4. [ICCT]"
72,19,lings,"• “The Origins of Sufism (1956) The Islamic Quarterly, Vol.III No.1 [OS]"
72,20,lings,• “Sufism”: Religion in the Middle East (1969); ed.A.J. Arberry [S]
72,21,lings,• “Sufi Answers to Questions On Ultimate Reality”: Studies in Comparative Religions 1979 Summer/Autumn [SCR-SA]
72,22,lings,• “The Nature and Origin of Sufism”: Islamic Spirituality (1985) [NOS]
72,23,lings,"• “Mystical Poetry”: The Cambridge History of Arabic Literature, Vol.2 (1990) [MP]"
72,24,lings,LECTURES
72,25,lings,• “The Quranic Doctrine of the Afterlife” [L-QD]
72,26,lings,• “The Quranic Origins of Sufism” [L-QOS]
72,27,lings,• “Human Origins and Destinies According to the Great Religions of the World” [L-HOD]
72,28,lings,• “Metaphysics and the Perennial Philosophy” [L-MPP]
72,29,lings,• “An Introduction to Islam” [L-II]
72,30,lings,• “The Universality of the Quran” [L-UQ]
72,31,lings,• Private Talks [L-PT]
72,32,lings,Books without Quranic Ayaat
72,33,lings,• Collected Poems
72,34,lings,• Ancient Beliefs and Modern Superstitions
72,35,lings,• The Eleventh Hour
72,36,lings,• The Secret of Shakespeare
72,37,lings,Articles without Quranic Ayaat
72,38,lings,• “Signs of the Times”: Studies in Comparative Religions 1970 Winter
72,39,lings,"• “Ibn Aliwah” Encyclopedia of Islam, Second Edition"
72,40,lings,"• “Kabd” Encyclopedia of Islam, Second Edition"
73,1,lings,O thou who art wrapped in thy raiment. [M]
73,2,lings,O thou who art enshrouded in thy raiment. [L-QOS]
73,3,lings,Keep vigil all the night save a little. [SS] [S] [M] [L-QOS]
73,4,lings,Keep vigil the night long save a little. [NOS]
73,5,lings,Half the night or lessen than half a little. [M]
73,6,lings,"A half thereof, or abate a little thereof. [NOS]"
73,7,lings,"A half of it, or take from that a little. [L-QOS]"
73,8,lings,"Or add to it, and with care and clarity chant the Koran. [M]"
73,9,lings,Or add (a little) thereto and chant the Quran in measure. [NOS]
73,10,lings,"Or add to it, and recite the Qur’an with exact recital. [L-QOS]"
73,11,lings,Verily We shall load thee with a word of heavy weight. [M]
73,12,lings,Invoke the Name of thy Lord and consecrate thyself unto Him with a total consecration. [UM]
73,13,lings,"Invoke in remembrance the Name of thy Lord, and devote thyself to Him with an utter devotion. [OS] [SS] [S] [M] [NOS] [L-QOS]"
73,14,lings,"Lord of the east and of the west- no god but He. Him therefore take, on Him place thy reliance.[M]"
73,15,lings,"Bear with patience what they say, and part from them with a courteous farewell. [M]"
73,16,lings,…a day that shall turn the hair of children grey. [M]
73,17,lings,"Surely this [the Revelation] is a Reminder; so let him who will, take unto his Lord a way. [NOS]"
73,18,lings,"Verily this is a reminder, so let him who will take unto his Lord a way. [L-QOS]"
73,19,lings,"…whatever good ye have accomplished for yourselves in advance, ye will find it with Allah; but it will be better (than your action) and a greater recompense (than that which your action merits). And ask forgiveness of Allah; verily, Allah is full of forgiveness and mercy. [UM]"
73,20,lings,"Thy Lord knoweth that thou keepest vigil nearly two thirds of the night, or half the night or a third thereof, thou and a group of those that are with thee.... [OS]"
73,21,lings,"Verily thy Lord knoweth that thou keepest vigil wellnigh two thirds of the night, and sometimes half of it or a third of it, thou and a group of those that are with thee. God measureth the night and the day. He knoweth that ye will not be able to come up to the full measure of it, and therefore hath He relented unto you. Recite then even so much of the Koran as is easy for you.... [M]"
73,22,lings,…a group of those that are with thee.... [NOS]
73,23,lings,"Verily thy Lord knoweth that thou keepest vigil nearly two thirds of the night, or its half, or a third, thou and a group of those who are with thee.... [L-QOS]"
73,24,lings,Sources Used
73,25,lings,• Unpublished Material (1938-2005) [UM]
73,26,lings,BOOKS
73,27,lings,• The Book of Certainty (1952) [BC]
73,28,lings,• A Sufi Saint of the Twentieth Century (1961) [SS]
73,29,lings,• What is Sufism (1975) [WS]
73,30,lings,• The Quranic Art of Calligraphy and Illumination (1976) [QACI]
73,31,lings,• Muhammad (1983) [M]
73,32,lings,• Symbol and Archetype (1991) [SA]
73,33,lings,• Sufi Poems (2004) [SP]
73,34,lings,• Mecca (2004) [Mec.]
73,35,lings,• Return to the Spirit (2005) [RS]
73,36,lings,• Splendours of Qur’an Calligraphy and Illumination (2005) [SQCI]
73,37,lings,ARTICLES
73,38,lings,• “Proofs of Islam”(1954). Islamic Cultural Centre. [PI]
73,39,lings,"• “The Islamic and Christian Conceptions of the March of Time” (1954) The Islamic Quarterly, Vol.1 No.4. [ICCT]"
73,40,lings,"• “The Origins of Sufism (1956) The Islamic Quarterly, Vol.III No.1 [OS]"
73,41,lings,• “Sufism”: Religion in the Middle East (1969); ed.A.J. Arberry [S]
73,42,lings,• “Sufi Answers to Questions On Ultimate Reality”: Studies in Comparative Religions 1979 Summer/Autumn [SCR-SA]
73,43,lings,• “The Nature and Origin of Sufism”: Islamic Spirituality (1985) [NOS]
73,44,lings,"• “Mystical Poetry”: The Cambridge History of Arabic Literature, Vol.2 (1990) [MP]"
73,45,lings,LECTURES
73,46,lings,• “The Quranic Doctrine of the Afterlife” [L-QD]
73,47,lings,• “The Quranic Origins of Sufism” [L-QOS]
73,48,lings,• “Human Origins and Destinies According to the Great Religions of the World” [L-HOD]
73,49,lings,• “Metaphysics and the Perennial Philosophy” [L-MPP]
73,50,lings,• “An Introduction to Islam” [L-II]
73,51,lings,• “The Universality of the Quran” [L-UQ]
73,52,lings,• Private Talks [L-PT]
73,53,lings,Books without Quranic Ayaat
73,54,lings,• Collected Poems
73,55,lings,• Ancient Beliefs and Modern Superstitions
73,56,lings,• The Eleventh Hour
73,57,lings,• The Secret of Shakespeare
73,58,lings,Articles without Quranic Ayaat
73,59,lings,• “Signs of the Times”: Studies in Comparative Religions 1970 Winter
73,60,lings,"• “Ibn Aliwah” Encyclopedia of Islam, Second Edition"
73,61,lings,"• “Kabd” Encyclopedia of Islam, Second Edition"
74,1,lings,O thou who art wrapped in thy cloak. [M] [L-QOS]
74,2,lings,Arise and warn! [M] [L-QOS]
74,3,lings,Thy Lord magnify! [M]
74,4,lings,Thy raiment purify! [M]
74,5,lings,Defilement shun! [M]
74,6,lings,For when the trumpet shall be blown. [M]
74,7,lings,That shall be a day of anguish. [M]
74,8,lings,"Not of ease, for disbelievers. [M]"
74,9,lings,Sources Used
74,10,lings,• Unpublished Material (1938-2005) [UM]
74,11,lings,BOOKS
74,12,lings,• The Book of Certainty (1952) [BC]
74,13,lings,• A Sufi Saint of the Twentieth Century (1961) [SS]
74,14,lings,• What is Sufism (1975) [WS]
74,15,lings,• The Quranic Art of Calligraphy and Illumination (1976) [QACI]
74,16,lings,• Muhammad (1983) [M]
74,17,lings,• Symbol and Archetype (1991) [SA]
74,18,lings,• Sufi Poems (2004) [SP]
74,19,lings,• Mecca (2004) [Mec.]
74,20,lings,• Return to the Spirit (2005) [RS]
74,21,lings,• Splendours of Qur’an Calligraphy and Illumination (2005) [SQCI]
74,22,lings,ARTICLES
74,23,lings,• “Proofs of Islam”(1954). Islamic Cultural Centre. [PI]
74,24,lings,"• “The Islamic and Christian Conceptions of the March of Time” (1954) The Islamic Quarterly, Vol.1 No.4. [ICCT]"
74,25,lings,"• “The Origins of Sufism (1956) The Islamic Quarterly, Vol.III No.1 [OS]"
74,26,lings,• “Sufism”: Religion in the Middle East (1969); ed.A.J. Arberry [S]
74,27,lings,• “Sufi Answers to Questions On Ultimate Reality”: Studies in Comparative Religions 1979 Summer/Autumn [SCR-SA]
74,28,lings,• “The Nature and Origin of Sufism”: Islamic Spirituality (1985) [NOS]
74,29,lings,"• “Mystical Poetry”: The Cambridge History of Arabic Literature, Vol.2 (1990) [MP]"
74,30,lings,LECTURES
74,31,lings,• “The Quranic Doctrine of the Afterlife” [L-QD]
74,32,lings,• “The Quranic Origins of Sufism” [L-QOS]
74,33,lings,• “Human Origins and Destinies According to the Great Religions of the World” [L-HOD]
74,34,lings,• “Metaphysics and the Perennial Philosophy” [L-MPP]
74,35,lings,• “An Introduction to Islam” [L-II]
74,36,lings,• “The Universality of the Quran” [L-UQ]
74,37,lings,• Private Talks [L-PT]
74,38,lings,Books without Quranic Ayaat
74,39,lings,• Collected Poems
74,40,lings,• Ancient Beliefs and Modern Superstitions
74,41,lings,• The Eleventh Hour
74,42,lings,• The Secret of Shakespeare
74,43,lings,Articles without Quranic Ayaat
74,44,lings,• “Signs of the Times”: Studies in Comparative Religions 1970 Winter
74,45,lings,"• “Ibn Aliwah” Encyclopedia of Islam, Second Edition"
74,46,lings,"• “Kabd” Encyclopedia of Islam, Second Edition"
75,1,lings,…the ever-upbraiding soul. [M]
75,2,lings,Sources Used
75,3,lings,• Unpublished Material (1938-2005) [UM]
75,4,lings,BOOKS
75,5,lings,• The Book of Certainty (1952) [BC]
75,6,lings,• A Sufi Saint of the Twentieth Century (1961) [SS]
75,7,lings,• What is Sufism (1975) [WS]
75,8,lings,• The Quranic Art of Calligraphy and Illumination (1976) [QACI]
75,9,lings,• Muhammad (1983) [M]
75,10,lings,• Symbol and Archetype (1991) [SA]
75,11,lings,• Sufi Poems (2004) [SP]
75,12,lings,• Mecca (2004) [Mec.]
75,13,lings,• Return to the Spirit (2005) [RS]
75,14,lings,• Splendours of Qur’an Calligraphy and Illumination (2005) [SQCI]
75,15,lings,ARTICLES
75,16,lings,• “Proofs of Islam”(1954). Islamic Cultural Centre. [PI]
75,17,lings,"• “The Islamic and Christian Conceptions of the March of Time” (1954) The Islamic Quarterly, Vol.1 No.4. [ICCT]"
75,18,lings,"• “The Origins of Sufism (1956) The Islamic Quarterly, Vol.III No.1 [OS]"
75,19,lings,• “Sufism”: Religion in the Middle East (1969); ed.A.J. Arberry [S]
75,20,lings,• “Sufi Answers to Questions On Ultimate Reality”: Studies in Comparative Religions 1979 Summer/Autumn [SCR-SA]
75,21,lings,• “The Nature and Origin of Sufism”: Islamic Spirituality (1985) [NOS]
75,22,lings,"• “Mystical Poetry”: The Cambridge History of Arabic Literature, Vol.2 (1990) [MP]"
75,23,lings,LECTURES
75,24,lings,• “The Quranic Doctrine of the Afterlife” [L-QD]
75,25,lings,• “The Quranic Origins of Sufism” [L-QOS]
75,26,lings,• “Human Origins and Destinies According to the Great Religions of the World” [L-HOD]
75,27,lings,• “Metaphysics and the Perennial Philosophy” [L-MPP]
75,28,lings,• “An Introduction to Islam” [L-II]
75,29,lings,• “The Universality of the Quran” [L-UQ]
75,30,lings,• Private Talks [L-PT]
75,31,lings,Books without Quranic Ayaat
75,32,lings,• Collected Poems
75,33,lings,• Ancient Beliefs and Modern Superstitions
75,34,lings,• The Eleventh Hour
75,35,lings,• The Secret of Shakespeare
75,36,lings,Articles without Quranic Ayaat
75,37,lings,• “Signs of the Times”: Studies in Comparative Religions 1970 Winter
75,38,lings,"• “Ibn Aliwah” Encyclopedia of Islam, Second Edition"
75,39,lings,"• “Kabd” Encyclopedia of Islam, Second Edition"
76,1,lings,Verily the righteous drink of a cup that is flavoured with camphor. [BC]
76,2,lings,"Flavoured from a fountain whereof drink the slaves of God, gushing it forth in copious draughts. [BC]"
76,3,lings,…glorify Him the livelong night. [SS] [S] [L-QOS]
76,4,lings,"Surely this [the Revelation] is a Reminder; so let him who will, take unto his Lord a way. [NOS]"
76,5,lings,"Verily this is a reminder, so let him who will take unto his Lord a way. [L-QOS]"
76,6,lings,Sources Used
76,7,lings,• Unpublished Material (1938-2005) [UM]
76,8,lings,BOOKS
76,9,lings,• The Book of Certainty (1952) [BC]
76,10,lings,• A Sufi Saint of the Twentieth Century (1961) [SS]
76,11,lings,• What is Sufism (1975) [WS]
76,12,lings,• The Quranic Art of Calligraphy and Illumination (1976) [QACI]
76,13,lings,• Muhammad (1983) [M]
76,14,lings,• Symbol and Archetype (1991) [SA]
76,15,lings,• Sufi Poems (2004) [SP]
76,16,lings,• Mecca (2004) [Mec.]
76,17,lings,• Return to the Spirit (2005) [RS]
76,18,lings,• Splendours of Qur’an Calligraphy and Illumination (2005) [SQCI]
76,19,lings,ARTICLES
76,20,lings,• “Proofs of Islam”(1954). Islamic Cultural Centre. [PI]
76,21,lings,"• “The Islamic and Christian Conceptions of the March of Time” (1954) The Islamic Quarterly, Vol.1 No.4. [ICCT]"
76,22,lings,"• “The Origins of Sufism (1956) The Islamic Quarterly, Vol.III No.1 [OS]"
76,23,lings,• “Sufism”: Religion in the Middle East (1969); ed.A.J. Arberry [S]
76,24,lings,• “Sufi Answers to Questions On Ultimate Reality”: Studies in Comparative Religions 1979 Summer/Autumn [SCR-SA]
76,25,lings,• “The Nature and Origin of Sufism”: Islamic Spirituality (1985) [NOS]
76,26,lings,"• “Mystical Poetry”: The Cambridge History of Arabic Literature, Vol.2 (1990) [MP]"
76,27,lings,LECTURES
76,28,lings,• “The Quranic Doctrine of the Afterlife” [L-QD]
76,29,lings,• “The Quranic Origins of Sufism” [L-QOS]
76,30,lings,• “Human Origins and Destinies According to the Great Religions of the World” [L-HOD]
76,31,lings,• “Metaphysics and the Perennial Philosophy” [L-MPP]
76,32,lings,• “An Introduction to Islam” [L-II]
76,33,lings,• “The Universality of the Quran” [L-UQ]
76,34,lings,• Private Talks [L-PT]
76,35,lings,Books without Quranic Ayaat
76,36,lings,• Collected Poems
76,37,lings,• Ancient Beliefs and Modern Superstitions
76,38,lings,• The Eleventh Hour
76,39,lings,• The Secret of Shakespeare
76,40,lings,Articles without Quranic Ayaat
76,41,lings,• “Signs of the Times”: Studies in Comparative Religions 1970 Winter
76,42,lings,"• “Ibn Aliwah” Encyclopedia of Islam, Second Edition"
76,43,lings,"• “Kabd” Encyclopedia of Islam, Second Edition"
77,1,lings,This is a day on which they speak not. [SS]
77,2,lings,Nor are they permitted to proffer excuses. [SS]
77,3,lings,Sources Used
77,4,lings,• Unpublished Material (1938-2005) [UM]
77,5,lings,BOOKS
77,6,lings,• The Book of Certainty (1952) [BC]
77,7,lings,• A Sufi Saint of the Twentieth Century (1961) [SS]
77,8,lings,• What is Sufism (1975) [WS]
77,9,lings,• The Quranic Art of Calligraphy and Illumination (1976) [QACI]
77,10,lings,• Muhammad (1983) [M]
77,11,lings,• Symbol and Archetype (1991) [SA]
77,12,lings,• Sufi Poems (2004) [SP]
77,13,lings,• Mecca (2004) [Mec.]
77,14,lings,• Return to the Spirit (2005) [RS]
77,15,lings,• Splendours of Qur’an Calligraphy and Illumination (2005) [SQCI]
77,16,lings,ARTICLES
77,17,lings,• “Proofs of Islam”(1954). Islamic Cultural Centre. [PI]
77,18,lings,"• “The Islamic and Christian Conceptions of the March of Time” (1954) The Islamic Quarterly, Vol.1 No.4. [ICCT]"
77,19,lings,"• “The Origins of Sufism (1956) The Islamic Quarterly, Vol.III No.1 [OS]"
77,20,lings,• “Sufism”: Religion in the Middle East (1969); ed.A.J. Arberry [S]
77,21,lings,• “Sufi Answers to Questions On Ultimate Reality”: Studies in Comparative Religions 1979 Summer/Autumn [SCR-SA]
77,22,lings,• “The Nature and Origin of Sufism”: Islamic Spirituality (1985) [NOS]
77,23,lings,"• “Mystical Poetry”: The Cambridge History of Arabic Literature, Vol.2 (1990) [MP]"
77,24,lings,LECTURES
77,25,lings,• “The Quranic Doctrine of the Afterlife” [L-QD]
77,26,lings,• “The Quranic Origins of Sufism” [L-QOS]
77,27,lings,• “Human Origins and Destinies According to the Great Religions of the World” [L-HOD]
77,28,lings,• “Metaphysics and the Perennial Philosophy” [L-MPP]
77,29,lings,• “An Introduction to Islam” [L-II]
77,30,lings,• “The Universality of the Quran” [L-UQ]
77,31,lings,• Private Talks [L-PT]
77,32,lings,Books without Quranic Ayaat
77,33,lings,• Collected Poems
77,34,lings,• Ancient Beliefs and Modern Superstitions
77,35,lings,• The Eleventh Hour
77,36,lings,• The Secret of Shakespeare
77,37,lings,Articles without Quranic Ayaat
77,38,lings,• “Signs of the Times”: Studies in Comparative Religions 1970 Winter
77,39,lings,"• “Ibn Aliwah” Encyclopedia of Islam, Second Edition"
77,40,lings,"• “Kabd” Encyclopedia of Islam, Second Edition"
78,1,lings,We have made the night as a covering. [SS]
78,2,lings,And the day as for livelihood. [SS]
78,3,lings,Sources Used
78,4,lings,• Unpublished Material (1938-2005) [UM]
78,5,lings,BOOKS
78,6,lings,• The Book of Certainty (1952) [BC]
78,7,lings,• A Sufi Saint of the Twentieth Century (1961) [SS]
78,8,lings,• What is Sufism (1975) [WS]
78,9,lings,• The Quranic Art of Calligraphy and Illumination (1976) [QACI]
78,10,lings,• Muhammad (1983) [M]
78,11,lings,• Symbol and Archetype (1991) [SA]
78,12,lings,• Sufi Poems (2004) [SP]
78,13,lings,• Mecca (2004) [Mec.]
78,14,lings,• Return to the Spirit (2005) [RS]
78,15,lings,• Splendours of Qur’an Calligraphy and Illumination (2005) [SQCI]
78,16,lings,ARTICLES
78,17,lings,• “Proofs of Islam”(1954). Islamic Cultural Centre. [PI]
78,18,lings,"• “The Islamic and Christian Conceptions of the March of Time” (1954) The Islamic Quarterly, Vol.1 No.4. [ICCT]"
78,19,lings,"• “The Origins of Sufism (1956) The Islamic Quarterly, Vol.III No.1 [OS]"
78,20,lings,• “Sufism”: Religion in the Middle East (1969); ed.A.J. Arberry [S]
78,21,lings,• “Sufi Answers to Questions On Ultimate Reality”: Studies in Comparative Religions 1979 Summer/Autumn [SCR-SA]
78,22,lings,• “The Nature and Origin of Sufism”: Islamic Spirituality (1985) [NOS]
78,23,lings,"• “Mystical Poetry”: The Cambridge History of Arabic Literature, Vol.2 (1990) [MP]"
78,24,lings,LECTURES
78,25,lings,• “The Quranic Doctrine of the Afterlife” [L-QD]
78,26,lings,• “The Quranic Origins of Sufism” [L-QOS]
78,27,lings,• “Human Origins and Destinies According to the Great Religions of the World” [L-HOD]
78,28,lings,• “Metaphysics and the Perennial Philosophy” [L-MPP]
78,29,lings,• “An Introduction to Islam” [L-II]
78,30,lings,• “The Universality of the Quran” [L-UQ]
78,31,lings,• Private Talks [L-PT]
78,32,lings,Books without Quranic Ayaat
78,33,lings,• Collected Poems
78,34,lings,• Ancient Beliefs and Modern Superstitions
78,35,lings,• The Eleventh Hour
78,36,lings,• The Secret of Shakespeare
78,37,lings,Articles without Quranic Ayaat
78,38,lings,• “Signs of the Times”: Studies in Comparative Religions 1970 Winter
78,39,lings,"• “Ibn Aliwah” Encyclopedia of Islam, Second Edition"
78,40,lings,"• “Kabd” Encyclopedia of Islam, Second Edition"
79,1,lings,No Translation exists for this surah.
80,1,lings,He frowned and turned away. [M]
80,2,lings,Because the blind man came to him. [M]
80,3,lings,As to him who sufficeth unto himself. [M]
80,4,lings,With him thou art engrossed. [M]
80,5,lings,Yet is it no concern of thine if purified he be not. [M]
80,6,lings,But as for him who cometh unto thee in eager earnestness. [M]
80,7,lings,And in fear of God. [M]
80,8,lings,From him thou art drawn away. [M]
80,9,lings,Sources Used
80,10,lings,• Unpublished Material (1938-2005) [UM]
80,11,lings,BOOKS
80,12,lings,• The Book of Certainty (1952) [BC]
80,13,lings,• A Sufi Saint of the Twentieth Century (1961) [SS]
80,14,lings,• What is Sufism (1975) [WS]
80,15,lings,• The Quranic Art of Calligraphy and Illumination (1976) [QACI]
80,16,lings,• Muhammad (1983) [M]
80,17,lings,• Symbol and Archetype (1991) [SA]
80,18,lings,• Sufi Poems (2004) [SP]
80,19,lings,• Mecca (2004) [Mec.]
80,20,lings,• Return to the Spirit (2005) [RS]
80,21,lings,• Splendours of Qur’an Calligraphy and Illumination (2005) [SQCI]
80,22,lings,ARTICLES
80,23,lings,• “Proofs of Islam”(1954). Islamic Cultural Centre. [PI]
80,24,lings,"• “The Islamic and Christian Conceptions of the March of Time” (1954) The Islamic Quarterly, Vol.1 No.4. [ICCT]"
80,25,lings,"• “The Origins of Sufism (1956) The Islamic Quarterly, Vol.III No.1 [OS]"
80,26,lings,• “Sufism”: Religion in the Middle East (1969); ed.A.J. Arberry [S]
80,27,lings,• “Sufi Answers to Questions On Ultimate Reality”: Studies in Comparative Religions 1979 Summer/Autumn [SCR-SA]
80,28,lings,• “The Nature and Origin of Sufism”: Islamic Spirituality (1985) [NOS]
80,29,lings,"• “Mystical Poetry”: The Cambridge History of Arabic Literature, Vol.2 (1990) [MP]"
80,30,lings,LECTURES
80,31,lings,• “The Quranic Doctrine of the Afterlife” [L-QD]
80,32,lings,• “The Quranic Origins of Sufism” [L-QOS]
80,33,lings,• “Human Origins and Destinies According to the Great Religions of the World” [L-HOD]
80,34,lings,• “Metaphysics and the Perennial Philosophy” [L-MPP]
80,35,lings,• “An Introduction to Islam” [L-II]
80,36,lings,• “The Universality of the Quran” [L-UQ]
80,37,lings,• Private Talks [L-PT]
80,38,lings,Books without Quranic Ayaat
80,39,lings,• Collected Poems
80,40,lings,• Ancient Beliefs and Modern Superstitions
80,41,lings,• The Eleventh Hour
80,42,lings,• The Secret of Shakespeare
80,43,lings,Articles without Quranic Ayaat
80,44,lings,• “Signs of the Times”: Studies in Comparative Religions 1970 Winter
80,45,lings,"• “Ibn Aliwah” Encyclopedia of Islam, Second Edition"
80,46,lings,"• “Kabd” Encyclopedia of Islam, Second Edition"
81,1,lings,No Translation exists for this surah.
82,1,lings,No Translation exists for this surah.
83,1,lings,…the iniquitious.... [OS]
83,2,lings,"When Our Revelations are recited unto him, he saith: Tales of the men of old. [M]"
83,3,lings,"Nay, but their earnings are even as rust over their hearts. [M]"
83,4,lings,…the righteous.... [OS]
83,5,lings,…those brought near to God. [OS]
83,6,lings,They are given to drink of a pure wine sealed. [BC]
83,7,lings,Whose seal is musk – for this let the strivers strive. [BC]
83,8,lings,And its flavour cometh from Tasnim. [BC]
83,9,lings,A fountain whence drink they that are brought nigh. [BC]
83,10,lings,Sources Used
83,11,lings,• Unpublished Material (1938-2005) [UM]
83,12,lings,BOOKS
83,13,lings,• The Book of Certainty (1952) [BC]
83,14,lings,• A Sufi Saint of the Twentieth Century (1961) [SS]
83,15,lings,• What is Sufism (1975) [WS]
83,16,lings,• The Quranic Art of Calligraphy and Illumination (1976) [QACI]
83,17,lings,• Muhammad (1983) [M]
83,18,lings,• Symbol and Archetype (1991) [SA]
83,19,lings,• Sufi Poems (2004) [SP]
83,20,lings,• Mecca (2004) [Mec.]
83,21,lings,• Return to the Spirit (2005) [RS]
83,22,lings,• Splendours of Qur’an Calligraphy and Illumination (2005) [SQCI]
83,23,lings,ARTICLES
83,24,lings,• “Proofs of Islam”(1954). Islamic Cultural Centre. [PI]
83,25,lings,"• “The Islamic and Christian Conceptions of the March of Time” (1954) The Islamic Quarterly, Vol.1 No.4. [ICCT]"
83,26,lings,"• “The Origins of Sufism (1956) The Islamic Quarterly, Vol.III No.1 [OS]"
83,27,lings,• “Sufism”: Religion in the Middle East (1969); ed.A.J. Arberry [S]
83,28,lings,• “Sufi Answers to Questions On Ultimate Reality”: Studies in Comparative Religions 1979 Summer/Autumn [SCR-SA]
83,29,lings,• “The Nature and Origin of Sufism”: Islamic Spirituality (1985) [NOS]
83,30,lings,"• “Mystical Poetry”: The Cambridge History of Arabic Literature, Vol.2 (1990) [MP]"
83,31,lings,LECTURES
83,32,lings,• “The Quranic Doctrine of the Afterlife” [L-QD]
83,33,lings,• “The Quranic Origins of Sufism” [L-QOS]
83,34,lings,• “Human Origins and Destinies According to the Great Religions of the World” [L-HOD]
83,35,lings,• “Metaphysics and the Perennial Philosophy” [L-MPP]
83,36,lings,• “An Introduction to Islam” [L-II]
83,37,lings,• “The Universality of the Quran” [L-UQ]
83,38,lings,• Private Talks [L-PT]
83,39,lings,Books without Quranic Ayaat
83,40,lings,• Collected Poems
83,41,lings,• Ancient Beliefs and Modern Superstitions
83,42,lings,• The Eleventh Hour
83,43,lings,• The Secret of Shakespeare
83,44,lings,Articles without Quranic Ayaat
83,45,lings,• “Signs of the Times”: Studies in Comparative Religions 1970 Winter
83,46,lings,"• “Ibn Aliwah” Encyclopedia of Islam, Second Edition"
83,47,lings,"• “Kabd” Encyclopedia of Islam, Second Edition"
84,1,lings,No Translation exists for this surah.
85,1,lings,On a Guarded Tablet. [QACI]
85,2,lings,On an inviolable tablet. [M]
85,3,lings,Sources Used
85,4,lings,• Unpublished Material (1938-2005) [UM]
85,5,lings,BOOKS
85,6,lings,• The Book of Certainty (1952) [BC]
85,7,lings,• A Sufi Saint of the Twentieth Century (1961) [SS]
85,8,lings,• What is Sufism (1975) [WS]
85,9,lings,• The Quranic Art of Calligraphy and Illumination (1976) [QACI]
85,10,lings,• Muhammad (1983) [M]
85,11,lings,• Symbol and Archetype (1991) [SA]
85,12,lings,• Sufi Poems (2004) [SP]
85,13,lings,• Mecca (2004) [Mec.]
85,14,lings,• Return to the Spirit (2005) [RS]
85,15,lings,• Splendours of Qur’an Calligraphy and Illumination (2005) [SQCI]
85,16,lings,ARTICLES
85,17,lings,• “Proofs of Islam”(1954). Islamic Cultural Centre. [PI]
85,18,lings,"• “The Islamic and Christian Conceptions of the March of Time” (1954) The Islamic Quarterly, Vol.1 No.4. [ICCT]"
85,19,lings,"• “The Origins of Sufism (1956) The Islamic Quarterly, Vol.III No.1 [OS]"
85,20,lings,• “Sufism”: Religion in the Middle East (1969); ed.A.J. Arberry [S]
85,21,lings,• “Sufi Answers to Questions On Ultimate Reality”: Studies in Comparative Religions 1979 Summer/Autumn [SCR-SA]
85,22,lings,• “The Nature and Origin of Sufism”: Islamic Spirituality (1985) [NOS]
85,23,lings,"• “Mystical Poetry”: The Cambridge History of Arabic Literature, Vol.2 (1990) [MP]"
85,24,lings,LECTURES
85,25,lings,• “The Quranic Doctrine of the Afterlife” [L-QD]
85,26,lings,• “The Quranic Origins of Sufism” [L-QOS]
85,27,lings,• “Human Origins and Destinies According to the Great Religions of the World” [L-HOD]
85,28,lings,• “Metaphysics and the Perennial Philosophy” [L-MPP]
85,29,lings,• “An Introduction to Islam” [L-II]
85,30,lings,• “The Universality of the Quran” [L-UQ]
85,31,lings,• Private Talks [L-PT]
85,32,lings,Books without Quranic Ayaat
85,33,lings,• Collected Poems
85,34,lings,• Ancient Beliefs and Modern Superstitions
85,35,lings,• The Eleventh Hour
85,36,lings,• The Secret of Shakespeare
85,37,lings,Articles without Quranic Ayaat
85,38,lings,• “Signs of the Times”: Studies in Comparative Religions 1970 Winter
85,39,lings,"• “Ibn Aliwah” Encyclopedia of Islam, Second Edition"
85,40,lings,"• “Kabd” Encyclopedia of Islam, Second Edition"
86,1,lings,"Deal gently with the disbelievers, give them respite for a while. [M]"
86,2,lings,Sources Used
86,3,lings,• Unpublished Material (1938-2005) [UM]
86,4,lings,BOOKS
86,5,lings,• The Book of Certainty (1952) [BC]
86,6,lings,• A Sufi Saint of the Twentieth Century (1961) [SS]
86,7,lings,• What is Sufism (1975) [WS]
86,8,lings,• The Quranic Art of Calligraphy and Illumination (1976) [QACI]
86,9,lings,• Muhammad (1983) [M]
86,10,lings,• Symbol and Archetype (1991) [SA]
86,11,lings,• Sufi Poems (2004) [SP]
86,12,lings,• Mecca (2004) [Mec.]
86,13,lings,• Return to the Spirit (2005) [RS]
86,14,lings,• Splendours of Qur’an Calligraphy and Illumination (2005) [SQCI]
86,15,lings,ARTICLES
86,16,lings,• “Proofs of Islam”(1954). Islamic Cultural Centre. [PI]
86,17,lings,"• “The Islamic and Christian Conceptions of the March of Time” (1954) The Islamic Quarterly, Vol.1 No.4. [ICCT]"
86,18,lings,"• “The Origins of Sufism (1956) The Islamic Quarterly, Vol.III No.1 [OS]"
86,19,lings,• “Sufism”: Religion in the Middle East (1969); ed.A.J. Arberry [S]
86,20,lings,• “Sufi Answers to Questions On Ultimate Reality”: Studies in Comparative Religions 1979 Summer/Autumn [SCR-SA]
86,21,lings,• “The Nature and Origin of Sufism”: Islamic Spirituality (1985) [NOS]
86,22,lings,"• “Mystical Poetry”: The Cambridge History of Arabic Literature, Vol.2 (1990) [MP]"
86,23,lings,LECTURES
86,24,lings,• “The Quranic Doctrine of the Afterlife” [L-QD]
86,25,lings,• “The Quranic Origins of Sufism” [L-QOS]
86,26,lings,• “Human Origins and Destinies According to the Great Religions of the World” [L-HOD]
86,27,lings,• “Metaphysics and the Perennial Philosophy” [L-MPP]
86,28,lings,• “An Introduction to Islam” [L-II]
86,29,lings,• “The Universality of the Quran” [L-UQ]
86,30,lings,• Private Talks [L-PT]
86,31,lings,Books without Quranic Ayaat
86,32,lings,• Collected Poems
86,33,lings,• Ancient Beliefs and Modern Superstitions
86,34,lings,• The Eleventh Hour
86,35,lings,• The Secret of Shakespeare
86,36,lings,Articles without Quranic Ayaat
86,37,lings,• “Signs of the Times”: Studies in Comparative Religions 1970 Winter
86,38,lings,"• “Ibn Aliwah” Encyclopedia of Islam, Second Edition"
86,39,lings,"• “Kabd” Encyclopedia of Islam, Second Edition"
87,1,lings,No Translation exists for this surah.
88,1,lings,"Will they not behold the camels, how they are created? [M] [NOS] [RS] [L-II]"
88,2,lings,"And the firmament, how it is raised aloft? [M] [NOS] [RS] [L-II]"
88,3,lings,"And the mountains, how they are established? [M] [NOS] [RS] [L-II]"
88,4,lings,"And the earth, how it is spread? [M] [NOS] [RS] [L-II]"
88,5,lings,Sources Used
88,6,lings,• Unpublished Material (1938-2005) [UM]
88,7,lings,BOOKS
88,8,lings,• The Book of Certainty (1952) [BC]
88,9,lings,• A Sufi Saint of the Twentieth Century (1961) [SS]
88,10,lings,• What is Sufism (1975) [WS]
88,11,lings,• The Quranic Art of Calligraphy and Illumination (1976) [QACI]
88,12,lings,• Muhammad (1983) [M]
88,13,lings,• Symbol and Archetype (1991) [SA]
88,14,lings,• Sufi Poems (2004) [SP]
88,15,lings,• Mecca (2004) [Mec.]
88,16,lings,• Return to the Spirit (2005) [RS]
88,17,lings,• Splendours of Qur’an Calligraphy and Illumination (2005) [SQCI]
88,18,lings,ARTICLES
88,19,lings,• “Proofs of Islam”(1954). Islamic Cultural Centre. [PI]
88,20,lings,"• “The Islamic and Christian Conceptions of the March of Time” (1954) The Islamic Quarterly, Vol.1 No.4. [ICCT]"
88,21,lings,"• “The Origins of Sufism (1956) The Islamic Quarterly, Vol.III No.1 [OS]"
88,22,lings,• “Sufism”: Religion in the Middle East (1969); ed.A.J. Arberry [S]
88,23,lings,• “Sufi Answers to Questions On Ultimate Reality”: Studies in Comparative Religions 1979 Summer/Autumn [SCR-SA]
88,24,lings,• “The Nature and Origin of Sufism”: Islamic Spirituality (1985) [NOS]
88,25,lings,"• “Mystical Poetry”: The Cambridge History of Arabic Literature, Vol.2 (1990) [MP]"
88,26,lings,LECTURES
88,27,lings,• “The Quranic Doctrine of the Afterlife” [L-QD]
88,28,lings,• “The Quranic Origins of Sufism” [L-QOS]
88,29,lings,• “Human Origins and Destinies According to the Great Religions of the World” [L-HOD]
88,30,lings,• “Metaphysics and the Perennial Philosophy” [L-MPP]
88,31,lings,• “An Introduction to Islam” [L-II]
88,32,lings,• “The Universality of the Quran” [L-UQ]
88,33,lings,• Private Talks [L-PT]
88,34,lings,Books without Quranic Ayaat
88,35,lings,• Collected Poems
88,36,lings,• Ancient Beliefs and Modern Superstitions
88,37,lings,• The Eleventh Hour
88,38,lings,• The Secret of Shakespeare
88,39,lings,Articles without Quranic Ayaat
88,40,lings,• “Signs of the Times”: Studies in Comparative Religions 1970 Winter
88,41,lings,"• “Ibn Aliwah” Encyclopedia of Islam, Second Edition"
88,42,lings,"• “Kabd” Encyclopedia of Islam, Second Edition"
89,1,lings,O thou soul which art at peace. [BC] [WS] [M] [NOS] [RS] [L-QD]
89,2,lings,"Return unto thy Lord, glad in His Gladness! [BC]"
89,3,lings,Return unto they Lord with (in) gladness that is thine in Him and His in thee. [WS] [M] [RS] [L-QD]
89,4,lings,"Return unto thy Lord, pleased thou and whelmed in His good pleasure. [NOS]"
89,5,lings,Return unto thy Lord gladly and accepted in mutual gladness. [L-PT]
89,6,lings,Enter thou among My slaves! [BC] [WS] [M] [NOS] [RS] [L-QD]
89,7,lings,Enter thou My Paradise! [BC] [WS] [M] [NOS] [RS] [L-QD]
89,8,lings,Sources Used
89,9,lings,• Unpublished Material (1938-2005) [UM]
89,10,lings,BOOKS
89,11,lings,• The Book of Certainty (1952) [BC]
89,12,lings,• A Sufi Saint of the Twentieth Century (1961) [SS]
89,13,lings,• What is Sufism (1975) [WS]
89,14,lings,• The Quranic Art of Calligraphy and Illumination (1976) [QACI]
89,15,lings,• Muhammad (1983) [M]
89,16,lings,• Symbol and Archetype (1991) [SA]
89,17,lings,• Sufi Poems (2004) [SP]
89,18,lings,• Mecca (2004) [Mec.]
89,19,lings,• Return to the Spirit (2005) [RS]
89,20,lings,• Splendours of Qur’an Calligraphy and Illumination (2005) [SQCI]
89,21,lings,ARTICLES
89,22,lings,• “Proofs of Islam”(1954). Islamic Cultural Centre. [PI]
89,23,lings,"• “The Islamic and Christian Conceptions of the March of Time” (1954) The Islamic Quarterly, Vol.1 No.4. [ICCT]"
89,24,lings,"• “The Origins of Sufism (1956) The Islamic Quarterly, Vol.III No.1 [OS]"
89,25,lings,• “Sufism”: Religion in the Middle East (1969); ed.A.J. Arberry [S]
89,26,lings,• “Sufi Answers to Questions On Ultimate Reality”: Studies in Comparative Religions 1979 Summer/Autumn [SCR-SA]
89,27,lings,• “The Nature and Origin of Sufism”: Islamic Spirituality (1985) [NOS]
89,28,lings,"• “Mystical Poetry”: The Cambridge History of Arabic Literature, Vol.2 (1990) [MP]"
89,29,lings,LECTURES
89,30,lings,• “The Quranic Doctrine of the Afterlife” [L-QD]
89,31,lings,• “The Quranic Origins of Sufism” [L-QOS]
89,32,lings,• “Human Origins and Destinies According to the Great Religions of the World” [L-HOD]
89,33,lings,• “Metaphysics and the Perennial Philosophy” [L-MPP]
89,34,lings,• “An Introduction to Islam” [L-II]
89,35,lings,• “The Universality of the Quran” [L-UQ]
89,36,lings,• Private Talks [L-PT]
89,37,lings,Books without Quranic Ayaat
89,38,lings,• Collected Poems
89,39,lings,• Ancient Beliefs and Modern Superstitions
89,40,lings,• The Eleventh Hour
89,41,lings,• The Secret of Shakespeare
89,42,lings,Articles without Quranic Ayaat
89,43,lings,• “Signs of the Times”: Studies in Comparative Religions 1970 Winter
89,44,lings,"• “Ibn Aliwah” Encyclopedia of Islam, Second Edition"
89,45,lings,"• “Kabd” Encyclopedia of Islam, Second Edition"
90,1,lings,No Translation exists for this surah.
91,1,lings,No Translation exists for this surah.
92,1,lings,No Translation exists for this surah.
93,1,lings,By the morning brightness. [M]
93,2,lings,And by the night when it is still. [M]
93,3,lings,Thy Lord hath not forsaken thee nor doth He hate thee. [M]
93,4,lings,And certainly the hereafter is better for thee than the here-below. [UM]
93,5,lings,And the hereafter is better for thee than this world. [UM]
93,6,lings,And the last shall be better for thee than the first. [M]
93,7,lings,"And certainly thy Lord shall give unto thee, and thou shalt be satisfied. [UM]"
93,8,lings,Verily thy Lord shall give and give unto thee and thou shalt be satisfied. [WS]
93,9,lings,"And they Lord shall give and give unto thee, and thou shall be satisfied. [M]"
93,10,lings,Hath He not found thee an orphan and sheltered thee? [M]
93,11,lings,And found thee astray and guided thee? [M]
93,12,lings,And found thee needy and enriched thee? [M]
93,13,lings,"So for the orphan, oppress him not. [M]"
93,14,lings,"And for the beggar, repel him not. [M]"
93,15,lings,"And for the bountiful grace of thy Lord, proclaim it! [M]"
93,16,lings,Sources Used
93,17,lings,• Unpublished Material (1938-2005) [UM]
93,18,lings,BOOKS
93,19,lings,• The Book of Certainty (1952) [BC]
93,20,lings,• A Sufi Saint of the Twentieth Century (1961) [SS]
93,21,lings,• What is Sufism (1975) [WS]
93,22,lings,• The Quranic Art of Calligraphy and Illumination (1976) [QACI]
93,23,lings,• Muhammad (1983) [M]
93,24,lings,• Symbol and Archetype (1991) [SA]
93,25,lings,• Sufi Poems (2004) [SP]
93,26,lings,• Mecca (2004) [Mec.]
93,27,lings,• Return to the Spirit (2005) [RS]
93,28,lings,• Splendours of Qur’an Calligraphy and Illumination (2005) [SQCI]
93,29,lings,ARTICLES
93,30,lings,• “Proofs of Islam”(1954). Islamic Cultural Centre. [PI]
93,31,lings,"• “The Islamic and Christian Conceptions of the March of Time” (1954) The Islamic Quarterly, Vol.1 No.4. [ICCT]"
93,32,lings,"• “The Origins of Sufism (1956) The Islamic Quarterly, Vol.III No.1 [OS]"
93,33,lings,• “Sufism”: Religion in the Middle East (1969); ed.A.J. Arberry [S]
93,34,lings,• “Sufi Answers to Questions On Ultimate Reality”: Studies in Comparative Religions 1979 Summer/Autumn [SCR-SA]
93,35,lings,• “The Nature and Origin of Sufism”: Islamic Spirituality (1985) [NOS]
93,36,lings,"• “Mystical Poetry”: The Cambridge History of Arabic Literature, Vol.2 (1990) [MP]"
93,37,lings,LECTURES
93,38,lings,• “The Quranic Doctrine of the Afterlife” [L-QD]
93,39,lings,• “The Quranic Origins of Sufism” [L-QOS]
93,40,lings,• “Human Origins and Destinies According to the Great Religions of the World” [L-HOD]
93,41,lings,• “Metaphysics and the Perennial Philosophy” [L-MPP]
93,42,lings,• “An Introduction to Islam” [L-II]
93,43,lings,• “The Universality of the Quran” [L-UQ]
93,44,lings,• Private Talks [L-PT]
93,45,lings,Books without Quranic Ayaat
93,46,lings,• Collected Poems
93,47,lings,• Ancient Beliefs and Modern Superstitions
93,48,lings,• The Eleventh Hour
93,49,lings,• The Secret of Shakespeare
93,50,lings,Articles without Quranic Ayaat
93,51,lings,• “Signs of the Times”: Studies in Comparative Religions 1970 Winter
93,52,lings,"• “Ibn Aliwah” Encyclopedia of Islam, Second Edition"
93,53,lings,"• “Kabd” Encyclopedia of Islam, Second Edition"
94,1,lings,Have we not expanded thy breast. [UM]
94,2,lings,"In truth, after difficulty cometh ease. [UM]"
94,3,lings,Verily with hardship cometh ease. [M]
94,4,lings,Sources Used
94,5,lings,• Unpublished Material (1938-2005) [UM]
94,6,lings,BOOKS
94,7,lings,• The Book of Certainty (1952) [BC]
94,8,lings,• A Sufi Saint of the Twentieth Century (1961) [SS]
94,9,lings,• What is Sufism (1975) [WS]
94,10,lings,• The Quranic Art of Calligraphy and Illumination (1976) [QACI]
94,11,lings,• Muhammad (1983) [M]
94,12,lings,• Symbol and Archetype (1991) [SA]
94,13,lings,• Sufi Poems (2004) [SP]
94,14,lings,• Mecca (2004) [Mec.]
94,15,lings,• Return to the Spirit (2005) [RS]
94,16,lings,• Splendours of Qur’an Calligraphy and Illumination (2005) [SQCI]
94,17,lings,ARTICLES
94,18,lings,• “Proofs of Islam”(1954). Islamic Cultural Centre. [PI]
94,19,lings,"• “The Islamic and Christian Conceptions of the March of Time” (1954) The Islamic Quarterly, Vol.1 No.4. [ICCT]"
94,20,lings,"• “The Origins of Sufism (1956) The Islamic Quarterly, Vol.III No.1 [OS]"
94,21,lings,• “Sufism”: Religion in the Middle East (1969); ed.A.J. Arberry [S]
94,22,lings,• “Sufi Answers to Questions On Ultimate Reality”: Studies in Comparative Religions 1979 Summer/Autumn [SCR-SA]
94,23,lings,• “The Nature and Origin of Sufism”: Islamic Spirituality (1985) [NOS]
94,24,lings,"• “Mystical Poetry”: The Cambridge History of Arabic Literature, Vol.2 (1990) [MP]"
94,25,lings,LECTURES
94,26,lings,• “The Quranic Doctrine of the Afterlife” [L-QD]
94,27,lings,• “The Quranic Origins of Sufism” [L-QOS]
94,28,lings,• “Human Origins and Destinies According to the Great Religions of the World” [L-HOD]
94,29,lings,• “Metaphysics and the Perennial Philosophy” [L-MPP]
94,30,lings,• “An Introduction to Islam” [L-II]
94,31,lings,• “The Universality of the Quran” [L-UQ]
94,32,lings,• Private Talks [L-PT]
94,33,lings,Books without Quranic Ayaat
94,34,lings,• Collected Poems
94,35,lings,• Ancient Beliefs and Modern Superstitions
94,36,lings,• The Eleventh Hour
94,37,lings,• The Secret of Shakespeare
94,38,lings,Articles without Quranic Ayaat
94,39,lings,• “Signs of the Times”: Studies in Comparative Religions 1970 Winter
94,40,lings,"• “Ibn Aliwah” Encyclopedia of Islam, Second Edition"
94,41,lings,"• “Kabd” Encyclopedia of Islam, Second Edition"
95,1,lings,By the fig and the olive. [UM]
95,2,lings,And Mount Sinai. [UM]
95,3,lings,And this safe land. [UM]
95,4,lings,Verily We created man in the fairest uprightness. [UM] [ICCT] [SA]
95,5,lings,Verily We created man in the fairest rectitude. [BC] [RS]
95,6,lings,…in the most perfect rectitude [L-II]
95,7,lings,Then cast We him down to be the lowest of the low. [UM] [BC] [RS] [L-II]
95,8,lings,Then We reduced him to be the lowest of the low [ICCT]
95,9,lings,Yet not those that believe… theirs is a meed unfailing. [UM]
95,10,lings,Except for those who believe and who do the good deeds that piety demands.... [RS]
95,11,lings,When then shall make thee belie hereafter the reckoning? [UM]
95,12,lings,Is not God the wisest of judges? [UM]
95,13,lings,Sources Used
95,14,lings,• Unpublished Material (1938-2005) [UM]
95,15,lings,BOOKS
95,16,lings,• The Book of Certainty (1952) [BC]
95,17,lings,• A Sufi Saint of the Twentieth Century (1961) [SS]
95,18,lings,• What is Sufism (1975) [WS]
95,19,lings,• The Quranic Art of Calligraphy and Illumination (1976) [QACI]
95,20,lings,• Muhammad (1983) [M]
95,21,lings,• Symbol and Archetype (1991) [SA]
95,22,lings,• Sufi Poems (2004) [SP]
95,23,lings,• Mecca (2004) [Mec.]
95,24,lings,• Return to the Spirit (2005) [RS]
95,25,lings,• Splendours of Qur’an Calligraphy and Illumination (2005) [SQCI]
95,26,lings,ARTICLES
95,27,lings,• “Proofs of Islam”(1954). Islamic Cultural Centre. [PI]
95,28,lings,"• “The Islamic and Christian Conceptions of the March of Time” (1954) The Islamic Quarterly, Vol.1 No.4. [ICCT]"
95,29,lings,"• “The Origins of Sufism (1956) The Islamic Quarterly, Vol.III No.1 [OS]"
95,30,lings,• “Sufism”: Religion in the Middle East (1969); ed.A.J. Arberry [S]
95,31,lings,• “Sufi Answers to Questions On Ultimate Reality”: Studies in Comparative Religions 1979 Summer/Autumn [SCR-SA]
95,32,lings,• “The Nature and Origin of Sufism”: Islamic Spirituality (1985) [NOS]
95,33,lings,"• “Mystical Poetry”: The Cambridge History of Arabic Literature, Vol.2 (1990) [MP]"
95,34,lings,LECTURES
95,35,lings,• “The Quranic Doctrine of the Afterlife” [L-QD]
95,36,lings,• “The Quranic Origins of Sufism” [L-QOS]
95,37,lings,• “Human Origins and Destinies According to the Great Religions of the World” [L-HOD]
95,38,lings,• “Metaphysics and the Perennial Philosophy” [L-MPP]
95,39,lings,• “An Introduction to Islam” [L-II]
95,40,lings,• “The Universality of the Quran” [L-UQ]
95,41,lings,• Private Talks [L-PT]
95,42,lings,Books without Quranic Ayaat
95,43,lings,• Collected Poems
95,44,lings,• Ancient Beliefs and Modern Superstitions
95,45,lings,• The Eleventh Hour
95,46,lings,• The Secret of Shakespeare
95,47,lings,Articles without Quranic Ayaat
95,48,lings,• “Signs of the Times”: Studies in Comparative Religions 1970 Winter
95,49,lings,"• “Ibn Aliwah” Encyclopedia of Islam, Second Edition"
95,50,lings,"• “Kabd” Encyclopedia of Islam, Second Edition"
96,1,lings,Recite in the name of thy Lord who created. [M]
96,2,lings,He createth man from a clot of blood. [M]
96,3,lings,Recite; and thy Lord is the Most Bountiful. [M]
96,4,lings,He who hath taught by the pen. [M]
96,5,lings,Taught man what he knew not. [M]
96,6,lings,…prostrate thyself and draw nigh (to God). [SS] [S]
96,7,lings,…prostrate thyself and draw nigh. [OS] [NOS] [RS] [L-QOS]
96,8,lings,Sources Used
96,9,lings,• Unpublished Material (1938-2005) [UM]
96,10,lings,BOOKS
96,11,lings,• The Book of Certainty (1952) [BC]
96,12,lings,• A Sufi Saint of the Twentieth Century (1961) [SS]
96,13,lings,• What is Sufism (1975) [WS]
96,14,lings,• The Quranic Art of Calligraphy and Illumination (1976) [QACI]
96,15,lings,• Muhammad (1983) [M]
96,16,lings,• Symbol and Archetype (1991) [SA]
96,17,lings,• Sufi Poems (2004) [SP]
96,18,lings,• Mecca (2004) [Mec.]
96,19,lings,• Return to the Spirit (2005) [RS]
96,20,lings,• Splendours of Qur’an Calligraphy and Illumination (2005) [SQCI]
96,21,lings,ARTICLES
96,22,lings,• “Proofs of Islam”(1954). Islamic Cultural Centre. [PI]
96,23,lings,"• “The Islamic and Christian Conceptions of the March of Time” (1954) The Islamic Quarterly, Vol.1 No.4. [ICCT]"
96,24,lings,"• “The Origins of Sufism (1956) The Islamic Quarterly, Vol.III No.1 [OS]"
96,25,lings,• “Sufism”: Religion in the Middle East (1969); ed.A.J. Arberry [S]
96,26,lings,• “Sufi Answers to Questions On Ultimate Reality”: Studies in Comparative Religions 1979 Summer/Autumn [SCR-SA]
96,27,lings,• “The Nature and Origin of Sufism”: Islamic Spirituality (1985) [NOS]
96,28,lings,"• “Mystical Poetry”: The Cambridge History of Arabic Literature, Vol.2 (1990) [MP]"
96,29,lings,LECTURES
96,30,lings,• “The Quranic Doctrine of the Afterlife” [L-QD]
96,31,lings,• “The Quranic Origins of Sufism” [L-QOS]
96,32,lings,• “Human Origins and Destinies According to the Great Religions of the World” [L-HOD]
96,33,lings,• “Metaphysics and the Perennial Philosophy” [L-MPP]
96,34,lings,• “An Introduction to Islam” [L-II]
96,35,lings,• “The Universality of the Quran” [L-UQ]
96,36,lings,• Private Talks [L-PT]
96,37,lings,Books without Quranic Ayaat
96,38,lings,• Collected Poems
96,39,lings,• Ancient Beliefs and Modern Superstitions
96,40,lings,• The Eleventh Hour
96,41,lings,• The Secret of Shakespeare
96,42,lings,Articles without Quranic Ayaat
96,43,lings,• “Signs of the Times”: Studies in Comparative Religions 1970 Winter
96,44,lings,"• “Ibn Aliwah” Encyclopedia of Islam, Second Edition"
96,45,lings,"• “Kabd” Encyclopedia of Islam, Second Edition"
97,1,lings,Verily We have revealed it in the Night of Worth. [UM]
97,2,lings,Verily We sent it down in the Night of Power. [BC]
97,3,lings,Verily We sent it down in the Layalti ’l-Qadr. [L-QOS]
97,4,lings,And how canst thou tell the Night of Worth? [UM]
97,5,lings,And how canst thou tell the Night of Power? [BC]
97,6,lings,And what will tell thee what the Laylati ’l-Qadr is? [L-QOS]
97,7,lings,The Night of Worth is better than a thousand months. [UM] [M]
97,8,lings,The Night of Power is better than a thousand months. [BC] [WS]
97,9,lings,The Laylati ‘l-Qadr is better than a thousand months. [L-QOS]
97,10,lings,"The angels and the spirit descend therein by the leave of their Lord, from all decrees. [UM]"
97,11,lings,The Angels and the Spirit descend therein from the source of all decrees by the leave of their Lord. [BC]
97,12,lings,The Angels and the Spirit descend…. [SS]
97,13,lings,The Angels and the Spirit descend therein…. [OS] [WS] [L-QOS]
97,14,lings,"In it the angels descend, and the Spirit…. [M]"
97,15,lings,Peace it is until the rising of the dawn. [UM]
97,16,lings,Peace it is until the break of dawn. [BC]
97,17,lings,Sources Used
97,18,lings,• Unpublished Material (1938-2005) [UM]
97,19,lings,BOOKS
97,20,lings,• The Book of Certainty (1952) [BC]
97,21,lings,• A Sufi Saint of the Twentieth Century (1961) [SS]
97,22,lings,• What is Sufism (1975) [WS]
97,23,lings,• The Quranic Art of Calligraphy and Illumination (1976) [QACI]
97,24,lings,• Muhammad (1983) [M]
97,25,lings,• Symbol and Archetype (1991) [SA]
97,26,lings,• Sufi Poems (2004) [SP]
97,27,lings,• Mecca (2004) [Mec.]
97,28,lings,• Return to the Spirit (2005) [RS]
97,29,lings,• Splendours of Qur’an Calligraphy and Illumination (2005) [SQCI]
97,30,lings,ARTICLES
97,31,lings,• “Proofs of Islam”(1954). Islamic Cultural Centre. [PI]
97,32,lings,"• “The Islamic and Christian Conceptions of the March of Time” (1954) The Islamic Quarterly, Vol.1 No.4. [ICCT]"
97,33,lings,"• “The Origins of Sufism (1956) The Islamic Quarterly, Vol.III No.1 [OS]"
97,34,lings,• “Sufism”: Religion in the Middle East (1969); ed.A.J. Arberry [S]
97,35,lings,• “Sufi Answers to Questions On Ultimate Reality”: Studies in Comparative Religions 1979 Summer/Autumn [SCR-SA]
97,36,lings,• “The Nature and Origin of Sufism”: Islamic Spirituality (1985) [NOS]
97,37,lings,"• “Mystical Poetry”: The Cambridge History of Arabic Literature, Vol.2 (1990) [MP]"
97,38,lings,LECTURES
97,39,lings,• “The Quranic Doctrine of the Afterlife” [L-QD]
97,40,lings,• “The Quranic Origins of Sufism” [L-QOS]
97,41,lings,• “Human Origins and Destinies According to the Great Religions of the World” [L-HOD]
97,42,lings,• “Metaphysics and the Perennial Philosophy” [L-MPP]
97,43,lings,• “An Introduction to Islam” [L-II]
97,44,lings,• “The Universality of the Quran” [L-UQ]
97,45,lings,• Private Talks [L-PT]
97,46,lings,Books without Quranic Ayaat
97,47,lings,• Collected Poems
97,48,lings,• Ancient Beliefs and Modern Superstitions
97,49,lings,• The Eleventh Hour
97,50,lings,• The Secret of Shakespeare
97,51,lings,Articles without Quranic Ayaat
97,52,lings,• “Signs of the Times”: Studies in Comparative Religions 1970 Winter
97,53,lings,"• “Ibn Aliwah” Encyclopedia of Islam, Second Edition"
97,54,lings,"• “Kabd” Encyclopedia of Islam, Second Edition"
98,1,lings,No Translation exists for this surah.
99,1,lings,No Translation exists for this surah.
100,1,lings,No Translation exists for this surah.
101,1,lings,The day men shall be like scattered moths. [M]
101,2,lings,And the mountains float like tufts of wool. [M]
101,3,lings,Sources Used
101,4,lings,• Unpublished Material (1938-2005) [UM]
101,5,lings,BOOKS
101,6,lings,• The Book of Certainty (1952) [BC]
101,7,lings,• A Sufi Saint of the Twentieth Century (1961) [SS]
101,8,lings,• What is Sufism (1975) [WS]
101,9,lings,• The Quranic Art of Calligraphy and Illumination (1976) [QACI]
101,10,lings,• Muhammad (1983) [M]
101,11,lings,• Symbol and Archetype (1991) [SA]
101,12,lings,• Sufi Poems (2004) [SP]
101,13,lings,• Mecca (2004) [Mec.]
101,14,lings,• Return to the Spirit (2005) [RS]
101,15,lings,• Splendours of Qur’an Calligraphy and Illumination (2005) [SQCI]
101,16,lings,ARTICLES
101,17,lings,• “Proofs of Islam”(1954). Islamic Cultural Centre. [PI]
101,18,lings,"• “The Islamic and Christian Conceptions of the March of Time” (1954) The Islamic Quarterly, Vol.1 No.4. [ICCT]"
101,19,lings,"• “The Origins of Sufism (1956) The Islamic Quarterly, Vol.III No.1 [OS]"
101,20,lings,• “Sufism”: Religion in the Middle East (1969); ed.A.J. Arberry [S]
101,21,lings,• “Sufi Answers to Questions On Ultimate Reality”: Studies in Comparative Religions 1979 Summer/Autumn [SCR-SA]
101,22,lings,• “The Nature and Origin of Sufism”: Islamic Spirituality (1985) [NOS]
101,23,lings,"• “Mystical Poetry”: The Cambridge History of Arabic Literature, Vol.2 (1990) [MP]"
101,24,lings,LECTURES
101,25,lings,• “The Quranic Doctrine of the Afterlife” [L-QD]
101,26,lings,• “The Quranic Origins of Sufism” [L-QOS]
101,27,lings,• “Human Origins and Destinies According to the Great Religions of the World” [L-HOD]
101,28,lings,• “Metaphysics and the Perennial Philosophy” [L-MPP]
101,29,lings,• “An Introduction to Islam” [L-II]
101,30,lings,• “The Universality of the Quran” [L-UQ]
101,31,lings,• Private Talks [L-PT]
101,32,lings,Books without Quranic Ayaat
101,33,lings,• Collected Poems
101,34,lings,• Ancient Beliefs and Modern Superstitions
101,35,lings,• The Eleventh Hour
101,36,lings,• The Secret of Shakespeare
101,37,lings,Articles without Quranic Ayaat
101,38,lings,• “Signs of the Times”: Studies in Comparative Religions 1970 Winter
101,39,lings,"• “Ibn Aliwah” Encyclopedia of Islam, Second Edition"
101,40,lings,"• “Kabd” Encyclopedia of Islam, Second Edition"
102,1,lings,No Translation exists for this surah.
103,1,lings,By the declining day. [BC]
103,2,lings,Verily mankind is in ruinous loss. [BC]
103,3,lings,"Except they that believe and do good works, and exhort one another unto truth and unto patience. [BC]"
103,4,lings,Sources Used
103,5,lings,• Unpublished Material (1938-2005) [UM]
103,6,lings,BOOKS
103,7,lings,• The Book of Certainty (1952) [BC]
103,8,lings,• A Sufi Saint of the Twentieth Century (1961) [SS]
103,9,lings,• What is Sufism (1975) [WS]
103,10,lings,• The Quranic Art of Calligraphy and Illumination (1976) [QACI]
103,11,lings,• Muhammad (1983) [M]
103,12,lings,• Symbol and Archetype (1991) [SA]
103,13,lings,• Sufi Poems (2004) [SP]
103,14,lings,• Mecca (2004) [Mec.]
103,15,lings,• Return to the Spirit (2005) [RS]
103,16,lings,• Splendours of Qur’an Calligraphy and Illumination (2005) [SQCI]
103,17,lings,ARTICLES
103,18,lings,• “Proofs of Islam”(1954). Islamic Cultural Centre. [PI]
103,19,lings,"• “The Islamic and Christian Conceptions of the March of Time” (1954) The Islamic Quarterly, Vol.1 No.4. [ICCT]"
103,20,lings,"• “The Origins of Sufism (1956) The Islamic Quarterly, Vol.III No.1 [OS]"
103,21,lings,• “Sufism”: Religion in the Middle East (1969); ed.A.J. Arberry [S]
103,22,lings,• “Sufi Answers to Questions On Ultimate Reality”: Studies in Comparative Religions 1979 Summer/Autumn [SCR-SA]
103,23,lings,• “The Nature and Origin of Sufism”: Islamic Spirituality (1985) [NOS]
103,24,lings,"• “Mystical Poetry”: The Cambridge History of Arabic Literature, Vol.2 (1990) [MP]"
103,25,lings,LECTURES
103,26,lings,• “The Quranic Doctrine of the Afterlife” [L-QD]
103,27,lings,• “The Quranic Origins of Sufism” [L-QOS]
103,28,lings,• “Human Origins and Destinies According to the Great Religions of the World” [L-HOD]
103,29,lings,• “Metaphysics and the Perennial Philosophy” [L-MPP]
103,30,lings,• “An Introduction to Islam” [L-II]
103,31,lings,• “The Universality of the Quran” [L-UQ]
103,32,lings,• Private Talks [L-PT]
103,33,lings,Books without Quranic Ayaat
103,34,lings,• Collected Poems
103,35,lings,• Ancient Beliefs and Modern Superstitions
103,36,lings,• The Eleventh Hour
103,37,lings,• The Secret of Shakespeare
103,38,lings,Articles without Quranic Ayaat
103,39,lings,• “Signs of the Times”: Studies in Comparative Religions 1970 Winter
103,40,lings,"• “Ibn Aliwah” Encyclopedia of Islam, Second Edition"
103,41,lings,"• “Kabd” Encyclopedia of Islam, Second Edition"
104,1,lings,No Translation exists for this surah.
105,1,lings,Hast thou not seen how they Lord dealt with the masters of the elephant? [UM] [M]
105,2,lings,Did He not turn their plots awry? [UM] [M]
105,3,lings,He sent upon them dense clouds of birds. [UM] [M]
105,4,lings,That pelted them with inscribed stones. [UM] [M]
105,5,lings,Thus made He them like greenery eaten down. [UM] [M]
105,6,lings,Sources Used
105,7,lings,• Unpublished Material (1938-2005) [UM]
105,8,lings,BOOKS
105,9,lings,• The Book of Certainty (1952) [BC]
105,10,lings,• A Sufi Saint of the Twentieth Century (1961) [SS]
105,11,lings,• What is Sufism (1975) [WS]
105,12,lings,• The Quranic Art of Calligraphy and Illumination (1976) [QACI]
105,13,lings,• Muhammad (1983) [M]
105,14,lings,• Symbol and Archetype (1991) [SA]
105,15,lings,• Sufi Poems (2004) [SP]
105,16,lings,• Mecca (2004) [Mec.]
105,17,lings,• Return to the Spirit (2005) [RS]
105,18,lings,• Splendours of Qur’an Calligraphy and Illumination (2005) [SQCI]
105,19,lings,ARTICLES
105,20,lings,• “Proofs of Islam”(1954). Islamic Cultural Centre. [PI]
105,21,lings,"• “The Islamic and Christian Conceptions of the March of Time” (1954) The Islamic Quarterly, Vol.1 No.4. [ICCT]"
105,22,lings,"• “The Origins of Sufism (1956) The Islamic Quarterly, Vol.III No.1 [OS]"
105,23,lings,• “Sufism”: Religion in the Middle East (1969); ed.A.J. Arberry [S]
105,24,lings,• “Sufi Answers to Questions On Ultimate Reality”: Studies in Comparative Religions 1979 Summer/Autumn [SCR-SA]
105,25,lings,• “The Nature and Origin of Sufism”: Islamic Spirituality (1985) [NOS]
105,26,lings,"• “Mystical Poetry”: The Cambridge History of Arabic Literature, Vol.2 (1990) [MP]"
105,27,lings,LECTURES
105,28,lings,• “The Quranic Doctrine of the Afterlife” [L-QD]
105,29,lings,• “The Quranic Origins of Sufism” [L-QOS]
105,30,lings,• “Human Origins and Destinies According to the Great Religions of the World” [L-HOD]
105,31,lings,• “Metaphysics and the Perennial Philosophy” [L-MPP]
105,32,lings,• “An Introduction to Islam” [L-II]
105,33,lings,• “The Universality of the Quran” [L-UQ]
105,34,lings,• Private Talks [L-PT]
105,35,lings,Books without Quranic Ayaat
105,36,lings,• Collected Poems
105,37,lings,• Ancient Beliefs and Modern Superstitions
105,38,lings,• The Eleventh Hour
105,39,lings,• The Secret of Shakespeare
105,40,lings,Articles without Quranic Ayaat
105,41,lings,• “Signs of the Times”: Studies in Comparative Religions 1970 Winter
105,42,lings,"• “Ibn Aliwah” Encyclopedia of Islam, Second Edition"
105,43,lings,"• “Kabd” Encyclopedia of Islam, Second Edition"
106,1,lings,For the uniting of the Qoraish. [UM]
106,2,lings,That the Quraish might be united. [M]
106,3,lings,"The winter caravan, the summer caravan. [UM]"
106,4,lings,United for the caravans of winter and summer. [M]
106,5,lings,So worship they the lord of this house. [UM]
106,6,lings,So let them worship the Lord of this house. [M]
106,7,lings,Who hath fed them against hunger and hath shielded them from fear. [UM]
106,8,lings,Who hath fed them against hunger and shielded them from fear. [M]
106,9,lings,Sources Used
106,10,lings,• Unpublished Material (1938-2005) [UM]
106,11,lings,BOOKS
106,12,lings,• The Book of Certainty (1952) [BC]
106,13,lings,• A Sufi Saint of the Twentieth Century (1961) [SS]
106,14,lings,• What is Sufism (1975) [WS]
106,15,lings,• The Quranic Art of Calligraphy and Illumination (1976) [QACI]
106,16,lings,• Muhammad (1983) [M]
106,17,lings,• Symbol and Archetype (1991) [SA]
106,18,lings,• Sufi Poems (2004) [SP]
106,19,lings,• Mecca (2004) [Mec.]
106,20,lings,• Return to the Spirit (2005) [RS]
106,21,lings,• Splendours of Qur’an Calligraphy and Illumination (2005) [SQCI]
106,22,lings,ARTICLES
106,23,lings,• “Proofs of Islam”(1954). Islamic Cultural Centre. [PI]
106,24,lings,"• “The Islamic and Christian Conceptions of the March of Time” (1954) The Islamic Quarterly, Vol.1 No.4. [ICCT]"
106,25,lings,"• “The Origins of Sufism (1956) The Islamic Quarterly, Vol.III No.1 [OS]"
106,26,lings,• “Sufism”: Religion in the Middle East (1969); ed.A.J. Arberry [S]
106,27,lings,• “Sufi Answers to Questions On Ultimate Reality”: Studies in Comparative Religions 1979 Summer/Autumn [SCR-SA]
106,28,lings,• “The Nature and Origin of Sufism”: Islamic Spirituality (1985) [NOS]
106,29,lings,"• “Mystical Poetry”: The Cambridge History of Arabic Literature, Vol.2 (1990) [MP]"
106,30,lings,LECTURES
106,31,lings,• “The Quranic Doctrine of the Afterlife” [L-QD]
106,32,lings,• “The Quranic Origins of Sufism” [L-QOS]
106,33,lings,• “Human Origins and Destinies According to the Great Religions of the World” [L-HOD]
106,34,lings,• “Metaphysics and the Perennial Philosophy” [L-MPP]
106,35,lings,• “An Introduction to Islam” [L-II]
106,36,lings,• “The Universality of the Quran” [L-UQ]
106,37,lings,• Private Talks [L-PT]
106,38,lings,Books without Quranic Ayaat
106,39,lings,• Collected Poems
106,40,lings,• Ancient Beliefs and Modern Superstitions
106,41,lings,• The Eleventh Hour
106,42,lings,• The Secret of Shakespeare
106,43,lings,Articles without Quranic Ayaat
106,44,lings,• “Signs of the Times”: Studies in Comparative Religions 1970 Winter
106,45,lings,"• “Ibn Aliwah” Encyclopedia of Islam, Second Edition"
106,46,lings,"• “Kabd” Encyclopedia of Islam, Second Edition"
107,1,lings,No Translation exists for this surah.
108,1,lings,No Translation exists for this surah.
109,1,lings,Say: O disbelievers. [M]
109,2,lings,I shall not worship that which ye worship. [M]
109,3,lings,Nor will ye worship that which I worship. [M]
109,4,lings,Nor have I worshipped that which ye worship. [M]
109,5,lings,Nor have ye worshipped that which I worship. [M]
109,6,lings,For you your religion and for me mine. [M]
109,7,lings,Sources Used
109,8,lings,• Unpublished Material (1938-2005) [UM]
109,9,lings,BOOKS
109,10,lings,• The Book of Certainty (1952) [BC]
109,11,lings,• A Sufi Saint of the Twentieth Century (1961) [SS]
109,12,lings,• What is Sufism (1975) [WS]
109,13,lings,• The Quranic Art of Calligraphy and Illumination (1976) [QACI]
109,14,lings,• Muhammad (1983) [M]
109,15,lings,• Symbol and Archetype (1991) [SA]
109,16,lings,• Sufi Poems (2004) [SP]
109,17,lings,• Mecca (2004) [Mec.]
109,18,lings,• Return to the Spirit (2005) [RS]
109,19,lings,• Splendours of Qur’an Calligraphy and Illumination (2005) [SQCI]
109,20,lings,ARTICLES
109,21,lings,• “Proofs of Islam”(1954). Islamic Cultural Centre. [PI]
109,22,lings,"• “The Islamic and Christian Conceptions of the March of Time” (1954) The Islamic Quarterly, Vol.1 No.4. [ICCT]"
109,23,lings,"• “The Origins of Sufism (1956) The Islamic Quarterly, Vol.III No.1 [OS]"
109,24,lings,• “Sufism”: Religion in the Middle East (1969); ed.A.J. Arberry [S]
109,25,lings,• “Sufi Answers to Questions On Ultimate Reality”: Studies in Comparative Religions 1979 Summer/Autumn [SCR-SA]
109,26,lings,• “The Nature and Origin of Sufism”: Islamic Spirituality (1985) [NOS]
109,27,lings,"• “Mystical Poetry”: The Cambridge History of Arabic Literature, Vol.2 (1990) [MP]"
109,28,lings,LECTURES
109,29,lings,• “The Quranic Doctrine of the Afterlife” [L-QD]
109,30,lings,• “The Quranic Origins of Sufism” [L-QOS]
109,31,lings,• “Human Origins and Destinies According to the Great Religions of the World” [L-HOD]
109,32,lings,• “Metaphysics and the Perennial Philosophy” [L-MPP]
109,33,lings,• “An Introduction to Islam” [L-II]
109,34,lings,• “The Universality of the Quran” [L-UQ]
109,35,lings,• Private Talks [L-PT]
109,36,lings,Books without Quranic Ayaat
109,37,lings,• Collected Poems
109,38,lings,• Ancient Beliefs and Modern Superstitions
109,39,lings,• The Eleventh Hour
109,40,lings,• The Secret of Shakespeare
109,41,lings,Articles without Quranic Ayaat
109,42,lings,• “Signs of the Times”: Studies in Comparative Religions 1970 Winter
109,43,lings,"• “Ibn Aliwah” Encyclopedia of Islam, Second Edition"
109,44,lings,"• “Kabd” Encyclopedia of Islam, Second Edition"
110,1,lings,No Translation exists for this surah.
111,1,lings,No Translation exists for this surah.
112,1,lings,"Say: He, God, is One. [UM] [BC] [WS][M]"
112,2,lings,The indivisible One-and-Only. [QACI] [SQCI]
112,3,lings,God- The Eternally Sufficient unto Himself. [UM] [BC]
112,4,lings,"God, the Self-Sufficing in Infinite Plenitude. [SS]"
112,5,lings,"God, the Absolute Plenitude Sufficing-unto-Himself (as-Samad). [WS]"
112,6,lings,"God, the Totally Sufficing unto Himself in His Infinite Perfection. [QACI] [SQCI]"
112,7,lings,"God, the Self-Sufficient Besought of all. [M]"
112,8,lings,He begetteth not and He is not begotten. [UM]
112,9,lings,"He begetteth not, nor is begotten. [M]"
112,10,lings,And there is none like unto Him. [UM]
112,11,lings,And none is like Him. [M]
112,12,lings,Sources Used
112,13,lings,• Unpublished Material (1938-2005) [UM]
112,14,lings,BOOKS
112,15,lings,• The Book of Certainty (1952) [BC]
112,16,lings,• A Sufi Saint of the Twentieth Century (1961) [SS]
112,17,lings,• What is Sufism (1975) [WS]
112,18,lings,• The Quranic Art of Calligraphy and Illumination (1976) [QACI]
112,19,lings,• Muhammad (1983) [M]
112,20,lings,• Symbol and Archetype (1991) [SA]
112,21,lings,• Sufi Poems (2004) [SP]
112,22,lings,• Mecca (2004) [Mec.]
112,23,lings,• Return to the Spirit (2005) [RS]
112,24,lings,• Splendours of Qur’an Calligraphy and Illumination (2005) [SQCI]
112,25,lings,ARTICLES
112,26,lings,• “Proofs of Islam”(1954). Islamic Cultural Centre. [PI]
112,27,lings,"• “The Islamic and Christian Conceptions of the March of Time” (1954) The Islamic Quarterly, Vol.1 No.4. [ICCT]"
112,28,lings,"• “The Origins of Sufism (1956) The Islamic Quarterly, Vol.III No.1 [OS]"
112,29,lings,• “Sufism”: Religion in the Middle East (1969); ed.A.J. Arberry [S]
112,30,lings,• “Sufi Answers to Questions On Ultimate Reality”: Studies in Comparative Religions 1979 Summer/Autumn [SCR-SA]
112,31,lings,• “The Nature and Origin of Sufism”: Islamic Spirituality (1985) [NOS]
112,32,lings,"• “Mystical Poetry”: The Cambridge History of Arabic Literature, Vol.2 (1990) [MP]"
112,33,lings,LECTURES
112,34,lings,• “The Quranic Doctrine of the Afterlife” [L-QD]
112,35,lings,• “The Quranic Origins of Sufism” [L-QOS]
112,36,lings,• “Human Origins and Destinies According to the Great Religions of the World” [L-HOD]
112,37,lings,• “Metaphysics and the Perennial Philosophy” [L-MPP]
112,38,lings,• “An Introduction to Islam” [L-II]
112,39,lings,• “The Universality of the Quran” [L-UQ]
112,40,lings,• Private Talks [L-PT]
112,41,lings,Books without Quranic Ayaat
112,42,lings,• Collected Poems
112,43,lings,• Ancient Beliefs and Modern Superstitions
112,44,lings,• The Eleventh Hour
112,45,lings,• The Secret of Shakespeare
112,46,lings,Articles without Quranic Ayaat
112,47,lings,• “Signs of the Times”: Studies in Comparative Religions 1970 Winter
112,48,lings,"• “Ibn Aliwah” Encyclopedia of Islam, Second Edition"
112,49,lings,"• “Kabd” Encyclopedia of Islam, Second Edition"
113,1,lings,Say I take refuge in the Lord of dawn. [UM]
113,2,lings,Say: I take refuge in the Lord of daybreak. [M]
113,3,lings,From the evil which He hath created. [UM]
113,4,lings,From the evil of that which He hath created. [M]
113,5,lings,And from the evil of the night when it growth dark. [UM]
113,6,lings,And from the evil of dusk when it dimmeth into night. [M]
113,7,lings,And from the evil of the women that blow upon the knots. [UM]
113,8,lings,And from the evil of the women who breathe upon knots. [M]
113,9,lings,And from the evil of the envier when he envieth. [UM] [M]
113,10,lings,Sources Used
113,11,lings,• Unpublished Material (1938-2005) [UM]
113,12,lings,BOOKS
113,13,lings,• The Book of Certainty (1952) [BC]
113,14,lings,• A Sufi Saint of the Twentieth Century (1961) [SS]
113,15,lings,• What is Sufism (1975) [WS]
113,16,lings,• The Quranic Art of Calligraphy and Illumination (1976) [QACI]
113,17,lings,• Muhammad (1983) [M]
113,18,lings,• Symbol and Archetype (1991) [SA]
113,19,lings,• Sufi Poems (2004) [SP]
113,20,lings,• Mecca (2004) [Mec.]
113,21,lings,• Return to the Spirit (2005) [RS]
113,22,lings,• Splendours of Qur’an Calligraphy and Illumination (2005) [SQCI]
113,23,lings,ARTICLES
113,24,lings,• “Proofs of Islam”(1954). Islamic Cultural Centre. [PI]
113,25,lings,"• “The Islamic and Christian Conceptions of the March of Time” (1954) The Islamic Quarterly, Vol.1 No.4. [ICCT]"
113,26,lings,"• “The Origins of Sufism (1956) The Islamic Quarterly, Vol.III No.1 [OS]"
113,27,lings,• “Sufism”: Religion in the Middle East (1969); ed.A.J. Arberry [S]
113,28,lings,• “Sufi Answers to Questions On Ultimate Reality”: Studies in Comparative Religions 1979 Summer/Autumn [SCR-SA]
113,29,lings,• “The Nature and Origin of Sufism”: Islamic Spirituality (1985) [NOS]
113,30,lings,"• “Mystical Poetry”: The Cambridge History of Arabic Literature, Vol.2 (1990) [MP]"
113,31,lings,LECTURES
113,32,lings,• “The Quranic Doctrine of the Afterlife” [L-QD]
113,33,lings,• “The Quranic Origins of Sufism” [L-QOS]
113,34,lings,• “Human Origins and Destinies According to the Great Religions of the World” [L-HOD]
113,35,lings,• “Metaphysics and the Perennial Philosophy” [L-MPP]
113,36,lings,• “An Introduction to Islam” [L-II]
113,37,lings,• “The Universality of the Quran” [L-UQ]
113,38,lings,• Private Talks [L-PT]
113,39,lings,Books without Quranic Ayaat
113,40,lings,• Collected Poems
113,41,lings,• Ancient Beliefs and Modern Superstitions
113,42,lings,• The Eleventh Hour
113,43,lings,• The Secret of Shakespeare
113,44,lings,Articles without Quranic Ayaat
113,45,lings,• “Signs of the Times”: Studies in Comparative Religions 1970 Winter
113,46,lings,"• “Ibn Aliwah” Encyclopedia of Islam, Second Edition"
113,47,lings,"• “Kabd” Encyclopedia of Islam, Second Edition"
114,1,lings,Say: I take refuge in the Lord of men. [UM] [M]
114,2,lings,The King of men. [UM] [M]
114,3,lings,The God of men. [UM] [M]
114,4,lings,From the evil of insidious Whisper. [UM]
114,5,lings,From the evil of the stealthy whisperer. [M]
114,6,lings,Who whispereth in the breasts of men. [UM] [M]
114,7,lings,From jinn and men. [UM] [M]
114,8,lings,Sources Used
114,9,lings,• Unpublished Material (1938-2005) [UM]
114,10,lings,BOOKS
114,11,lings,• The Book of Certainty (1952) [BC]
114,12,lings,• A Sufi Saint of the Twentieth Century (1961) [SS]
114,13,lings,• What is Sufism (1975) [WS]
114,14,lings,• The Quranic Art of Calligraphy and Illumination (1976) [QACI]
114,15,lings,• Muhammad (1983) [M]
114,16,lings,• Symbol and Archetype (1991) [SA]
114,17,lings,• Sufi Poems (2004) [SP]
114,18,lings,• Mecca (2004) [Mec.]
114,19,lings,• Return to the Spirit (2005) [RS]
114,20,lings,• Splendours of Qur’an Calligraphy and Illumination (2005) [SQCI]
114,21,lings,ARTICLES
114,22,lings,• “Proofs of Islam”(1954). Islamic Cultural Centre. [PI]
114,23,lings,"• “The Islamic and Christian Conceptions of the March of Time” (1954) The Islamic Quarterly, Vol.1 No.4. [ICCT]"
114,24,lings,"• “The Origins of Sufism (1956) The Islamic Quarterly, Vol.III No.1 [OS]"
114,25,lings,• “Sufism”: Religion in the Middle East (1969); ed.A.J. Arberry [S]
114,26,lings,• “Sufi Answers to Questions On Ultimate Reality”: Studies in Comparative Religions 1979 Summer/Autumn [SCR-SA]
114,27,lings,• “The Nature and Origin of Sufism”: Islamic Spirituality (1985) [NOS]
114,28,lings,"• “Mystical Poetry”: The Cambridge History of Arabic Literature, Vol.2 (1990) [MP]"
114,29,lings,LECTURES
114,30,lings,• “The Quranic Doctrine of the Afterlife” [L-QD]
114,31,lings,• “The Quranic Origins of Sufism” [L-QOS]
114,32,lings,• “Human Origins and Destinies According to the Great Religions of the World” [L-HOD]
114,33,lings,• “Metaphysics and the Perennial Philosophy” [L-MPP]
114,34,lings,• “An Introduction to Islam” [L-II]
114,35,lings,• “The Universality of the Quran” [L-UQ]
114,36,lings,• Private Talks [L-PT]
114,37,lings,Books without Quranic Ayaat
114,38,lings,• Collected Poems
114,39,lings,• Ancient Beliefs and Modern Superstitions
114,40,lings,• The Eleventh Hour
114,41,lings,• The Secret of Shakespeare
114,42,lings,Articles without Quranic Ayaat
114,43,lings,• “Signs of the Times”: Studies in Comparative Religions 1970 Winter
114,44,lings,"• “Ibn Aliwah” Encyclopedia of Islam, Second Edition"
114,45,lings,"• “Kabd” Encyclopedia of Islam, Second Edition"
